gp_code,gp_name,dist_to_coast_km,dist_to_water_km
185338,PIMPARGANE,58.91,22.0
185262,AHUPE,54.51,22.39
185330,PATAN GROUP,58.94,17.16
185340,RAJPUR,58.84,13.04
186175,TOKAWADE,58.35,10.52
186133,MOROSHI,59.22,7.97
186055,BHOMALE,57.88,9.46
186055,BHOMALE,52.93,15.12
186056,BHORGIRI,53.98,13.7
185305,KONDHAWAL,53.32,17.89
186310,BHAMBARDE,38.6,61.08
186351,MALE,41.1,56.51
186300,AMBAVANE,42.34,53.61
237308,KURWANDE,38.75,46.53
259817,KUNE NAMA,38.97,40.88
,,37.75,43.36
,,42.9,39.47
,,40.94,40.44
186293,WARSOLI,41.32,38.52
,,42.59,37.41
,,44.58,35.78
,,44.85,36.84
186293,WARSOLI,44.78,38.16
186291,WAKSAI,46.38,36.39
186289,WEHERGAON,48.09,34.23
186234,KARLA,49.08,35.55
186279,TAKAWE KH.,51.86,32.41
186269,SHILATANE,50.38,33.21
186240,KHANDSHI,47.06,32.29
186225,GOVITRI,51.49,28.26
186271,SHIRADHE,46.44,28.89
186285,UDHEWADI*,41.46,35.63
186268,SAWALA,44.68,23.53
186239,KHAND,44.7,26.01
186215,DAHULI,46.1,25.89
186231,KAMBRE N.M.,47.6,24.71
186215,DAHULI,50.46,22.59
186227,INGALUN,53.68,17.57
186250,MALEGAON BK.,49.12,19.88
186193,WANDRE,52.42,15.53
186181,VIRHAM,55.16,12.51
186111,KHARPUD,55.89,11.23
186143,PARSUL,59.49,8.38
186046,AMBOLI,59.12,10.74
186045,AMBHU,57.18,13.36
186236,KASHAL,57.3,17.98
186083,GADAD,58.85,14.31
186241,KONDIWADE A.M.,61.02,20.53
186223,GHONSHET,58.67,23.98
186212,BHOYARE,59.45,19.54
186290,WADESHWAR,55.6,22.17
186246,KUSAVALI,51.31,23.52
186286,UKSAN,51.76,26.07
186233,KARANJGAON,55.0,26.14
186255,NANE,57.13,28.4
186201,ADHALE BK.,55.12,28.79
186241,KONDIWADE A.M.,56.19,26.9
186266,SANGISE,52.7,30.1
186252,MUDHAWARE,53.92,31.5
,,55.49,31.89
186238,KHADKALA C.T.,57.34,30.44
186232,KANHE,60.32,28.81
186263,SAI,59.6,26.17
186280,TAKAWE BK.,62.74,23.79
259689,Jambhul,63.71,26.4
186267,SATE,62.76,29.35
,,63.08,28.58
,,60.63,31.12
,,59.16,33.69
186209,BAUR,59.51,34.73
186274,SHIVANE,61.84,34.06
186258,OZHARDE,62.71,31.99
186202,ADHE,64.09,31.13
186201,ADHALE BK.,63.82,34.98
186200,ADHALE KH.,66.2,33.25
186262,PUSANE,65.23,35.86
186219,DIVAD,63.21,37.49
186220,DONE,61.03,37.44
237310,MALVANDI DHORE,60.02,36.16
186273,SHIVALI,56.99,39.35
186296,YELGHOL,58.71,39.74
186257,OWHALE,60.76,39.72
186248,MALVANDI THULE,57.43,41.93
186283,TIKONA,55.98,44.2
186294,WARU,54.29,42.74
186242,KOTHURNE,55.32,41.74
186295,YELSE,54.98,39.86
186228,KADADHE,55.44,37.49
186282,THUGAON,58.37,37.05
186235,KARUNJ,56.87,35.57
186214,CHIKHALSE,58.81,32.31
186244,KUSGAON KH.,56.98,32.42
186278,TAJE,54.06,34.23
186261,PATAN,51.4,35.7
,,49.82,36.32
186211,BHAJE,49.51,37.63
186247,MAHAGAON,52.6,38.21
237309,LOHGAD,49.8,40.02
186217,DEVALE,48.21,38.46
186249,MALVALI N.M.,46.99,37.9
186221,DONGARGAON,45.28,39.52
186208,OUNDHE KH.,46.54,40.51
186243,KUSGAON BK.,43.84,41.81
,,43.42,40.27
,,40.87,42.14
,,41.85,43.24
186207,APTI,44.84,44.55
,,44.36,47.63
186251,MORAVE,47.52,47.88
186237,KEWARE,50.97,46.59
186284,TUNG,48.82,45.61
186251,MORAVE,48.5,44.16
186205,AMBEGAON,50.39,42.59
,,52.63,42.69
186295,YELSE,52.14,41.61
186230,KALE COLONY,53.13,40.56
186281,THAKURSAI,53.56,45.0
,,52.97,47.13
186203,AJIVALI,52.11,48.37
186387,WALEN,53.07,48.41
186377,SHEDANI,49.85,51.6
186319,CHANDIVALI,48.77,51.83
186270,SHILIM,50.06,49.29
186347,KUMBHERI,44.2,53.43
186306,BARPE,41.33,57.28
186372,POMGAON,45.56,53.55
186388,WANDRE,43.54,59.36
186351,MALE,49.05,54.15
186388,WANDRE,46.88,54.69
186386,VALANE,52.66,49.84
186361,MULSHI KH.,53.23,50.46
186378,SHERE,57.48,47.4
186331,JAMGAON,55.93,48.39
186304,ASADE,57.73,46.02
,,56.77,46.44
186309,BHADAS BK.,55.47,47.56
186375,SAMBHAVE,54.18,49.09
186342,KOLWAN,55.74,46.33
186328,HADSHI,54.04,46.97
,,55.65,44.86
186305,BHALGUDI,57.03,43.85
186337,KATARKHADAK,60.26,40.8
186364,NANGAON,58.78,42.85
186376,SATHESAI,57.47,44.15
186345,KULE,61.1,41.7
186320,CHIKHALGAON,59.61,42.52
186338,KHAMBOLI,62.86,38.85
186370,PIMPALOLI,64.84,37.23
186333,JAVAL,63.92,39.04
186317,CHALE,62.88,41.41
186323,DHAKHANE,62.28,41.42
186365,NANEGAON,59.34,43.85
186346,KHUBVALI,59.78,44.25
186298,AKOLE,59.42,45.2
186302,ANDESHE,59.55,46.09
186343,KONDHAWALE,61.18,44.37
186373,RAWADE,61.7,43.17
186369,PAUD,63.73,42.03
186321,CHINCHWAD,61.64,44.34
186308,BELAWADE,61.49,44.87
186362,MUTHA,61.95,45.49
186352,MALEGAON,59.62,48.21
186303,ANDGAON,60.18,46.67
186339,KHARAWADE,58.07,48.66
186389,WANJALE,58.44,48.99
186341,KOLAWADE,56.31,50.04
186340,KHECHARE,58.9,47.15
186354,MANDEDE,57.06,48.65
186361,MULSHI KH.,51.87,53.63
186382,TEMGHAR,51.22,55.14
186349,LAVHARDE,53.86,52.15
186312,BHODE,53.69,53.38
186297,ADMAL,49.94,52.46
186324,DASAVE,48.27,54.55
186368,PATHARSHET,51.32,52.2
186368,PATHARSHET,52.93,51.07
186618,MOSE BK.,54.37,51.48
186357,MOSE KH.,52.94,50.12
186357,MOSE KH.,56.31,48.61
186391,WATUNDE,56.82,50.57
186627,SAIV BK.,56.91,51.03
186332,JATEDE,60.81,47.53
186297,ADMAL,59.76,48.6
186645,WARASGAON,58.78,49.69
186609,KURAN KH.,59.51,46.66
186596,KADAVE,58.7,44.0
186641,WADGHAR,56.88,45.48
186578,AMBEGAON KH.,54.35,47.51
186590,GIVSHI,54.6,45.12
,,56.01,41.89
186583,BHATTI WAKDARA,58.26,41.41
186597,KANAND,55.77,39.31
186583,BHATTI WAKDARA,57.3,37.33
186637,WELHE KH.,57.59,35.8
186604,KOLAMBI,52.75,37.49
186621,NIVI GEVHANDE,53.31,40.72
186588,GHISAR,50.69,41.88
186593,HARPUD,48.37,41.0
186614,MANGAON,46.95,45.89
186607,KOSHIMGHAR,46.72,49.17
186594,HIRPODI,47.76,48.64
186630,SHIRKOLI,51.44,45.08
186607,KOSHIMGHAR,50.61,48.18
186322,DARAWALI,51.61,49.52
186582,BALWAD,48.85,48.4
186381,TAV,47.29,51.21
186324,DASAVE,42.53,55.15
186591,GONDEKHAL GROUP,43.56,51.59
186636,TEKPOLE GROUP,42.78,48.7
186589,GHOL,39.39,53.02
186380,TAMHINI BK.,41.09,63.17
186326,DHAMANHOL,41.06,58.63
186315,BHOINI,46.19,56.15
186358,MUGAON,44.35,57.95
186390,WARAK,47.09,58.41
186392,WEGARE,48.74,57.07
186385,WADGAON,49.83,55.14
,,48.19,56.64
186367,NIVE,43.86,60.48
186600,KELAD,52.79,33.64
186595,JADHAVWADI,55.09,34.47
186629,SHENVAD,56.48,34.04
186607,KOSHIMGHAR,57.7,32.24
185468,ASHIMPI,58.46,23.35
185588,SHIRGAON,59.54,21.69
,,59.71,21.18
185493,GUDHE GR.,66.06,14.47
185489,DURGADI,61.13,19.66
185589,SHIRVALI HIMA,63.2,17.47
185612,VARAVAND,62.27,20.11
185501,HIRDOSHI,64.14,19.25
185557,PARHAR BK.,67.83,13.6
185483,DAPAKEGHAR,69.41,12.81
185564,PARHAR KH.,66.42,15.73
185527,KONDHARI B.K.,66.64,17.2
185556,NIGUDGHAR,69.89,15.04
185573,RAYARI,71.46,13.12
185574,SALAV,70.79,12.97
185573,RAYARI,70.15,11.0
185528,KORLE,73.55,7.75
185607,VADTUMBI,75.47,7.51
185596,TITEGHAR,75.31,5.74
185538,MHAKOSHI,76.96,7.59
185481,CHIKHALGAON,77.47,4.93
185611,VARODI KH.,82.41,6.14
185463,AAMBADE,84.13,7.35
185560,PALE,82.05,8.12
185609,VARODI BK.,81.06,6.25
185610,VARODI DAYMUKH,81.52,5.88
185572,RAVDI,79.3,5.66
185517,KARNAVAD,79.59,7.45
185547,NAZRE,78.79,9.49
185487,DHAVADI,81.3,10.83
185559,PALSOSHI,81.72,9.61
185553,NERE,83.76,11.0
185500,HATNOSHI,81.78,13.29
185523,KHANAPUR,83.84,13.7
185475,BHABAVADI,82.53,15.32
185469,BAJARWADI,80.65,12.51
,,79.01,13.73
185551,NATAMBI,77.52,13.16
185549,NANDGAON,74.62,14.19
185579,SANGVI T. BHOR,75.46,11.8
185513,KARANJE,76.81,12.18
185561,PANVHAL,77.6,10.91
185465,AMBAVADE,76.46,9.39
185514,KARI,73.97,10.23
185477,BHAVEKHAL,72.6,13.13
185466,ANGASULE,73.98,11.99
185467,APTI,72.85,14.98
185533,MAHUDE BK.,72.58,17.7
185504,JAYATPAD,70.81,21.77
185534,MAHUDE KH.,73.07,19.17
,,74.87,18.86
185548,NAND,76.03,18.32
185586,SHIND,76.63,18.98
185567,PISAVARE,75.8,16.31
185613,VATHARHIMA,75.93,15.07
185464,AMBEGHAR,77.86,15.24
185590,SHIRVALI T. BHOR,78.54,16.31
185568,POMBARDI,79.24,17.5
185604,VENAVADI,79.89,16.73
,,81.6,16.91
185478,BHOLAVADE,81.63,19.47
185474,BASARAPUR,80.99,20.44
185471,BARE BK.,78.58,20.79
185472,BARE KH,79.71,20.42
299221,KIVAT,79.73,19.03
185490,GAWADI,77.65,19.38
185539,MHALAVADI,77.47,21.87
185505,JOGAWADI,77.96,24.94
185537,MAZGAON,79.56,24.35
185497,HARNAS,81.13,23.76
185473,BRAMHANGHAR V.K.,82.09,23.37
185499,HATVE KH.,81.4,27.55
185498,HATAVE BK.,82.47,26.78
185593,TAMBHAD,79.57,27.5
186631,SONDE HIROJI,77.89,28.53
186634,SONDE SARPHALA,76.8,28.19
185511,KARANDI BK.,73.8,27.3
185606,VADHANE,74.73,26.28
185491,GORADMHASAVALI,76.19,25.78
,,76.43,23.23
185566,PASURE,74.6,22.13
185570,RAJGHAR,72.59,24.82
185516,KARANDI KH.,71.97,27.76
186580,ASANI DAMGUDA,70.35,29.01
185506,KAMBARE KH.,69.92,27.36
185531,KURUNJI,68.01,27.11
186592,GUNJAVANE,67.25,30.14
,,64.45,30.14
185535,MALE,65.51,27.53
185603,VELVAND,70.45,24.35
185512,KARANJGAON,71.08,16.52
185540,MHASAR KH.,69.48,17.57
185541,MHASAR BK.,67.22,18.8
185485,DEHEN GR.,66.29,21.86
185563,PANGARI,67.56,23.12
185576,SALUNGAN,63.44,23.56
185585,SHILIMB,61.29,22.58
185529,KUMBALE,59.54,27.99
185480,BHUTONDE,62.83,27.25
185494,GUHINI,60.38,30.98
186617,METPILAWARE,59.65,34.14
186638,WELHE BK.,59.97,36.95
186637,WELHE KH.,62.21,36.35
186594,HIRPODI,62.24,37.73
186602,KHARIV,63.55,35.49
186642,WAJEGHAR,63.63,33.67
186624,PAL BK.,62.18,32.99
186611,LAVHI BK.,65.42,32.71
186616,MERAVANE,66.98,32.35
186585,CHIRMODI,68.84,31.12
186581,ASNI MANJAI,69.75,29.79
186628,SAKHAR,68.09,33.01
186639,VINZHAR,69.46,35.74
186610,LASHIRGAON,66.76,36.25
186612,MALAVALI,67.6,35.43
186644,WANJALE,65.22,34.76
186587,DAPODE,65.34,37.36
186625,RANJANE,66.06,39.7
185728,KHAMGAON MAVAL,69.14,40.43
186606,KONDGAON,67.64,41.06
186601,KHAMGAON,65.36,41.41
186626,RULE,62.63,43.98
186577,AMBED,64.99,42.26
186623,PABE,62.77,39.29
186586,DHANEP,59.67,39.55
185700,AMBI,60.77,43.63
186608,KURAN BK.,60.7,47.99
185771,SONAPUR,64.55,45.28
186620,NIGADE MOSE,66.06,43.76
186622,OSADE,65.66,44.77
185723,JAMBHALI,62.9,47.18
186325,DAVAJE,64.45,45.49
185765,SANGRUN,66.04,44.64
185704,BAHULI,64.88,44.02
186344,KONDHUR,61.71,47.34
,,62.62,45.39
,,63.96,43.93
186301,AMBEGAON,63.63,43.37
186355,MARNEWADI,65.11,41.93
186384,URAWADE,66.84,40.73
186316,BOTARWADI,67.82,40.29
,,64.67,43.81
185696,AHIRE,69.59,39.27
186371,PIRANGUT,70.16,37.4
186314,BHUKUM,72.53,35.73
,,72.17,37.27
185737,KUDAJE,72.25,38.67
185695,AGALAMBE,71.09,40.54
185695,AGALAMBE,69.2,40.69
185743,MANDAVI BK.,67.76,43.02
237300,KHADAKWADI,69.79,41.17
185744,MANDAVI KH.,69.09,42.24
185742,MALKHED,68.26,43.89
185787,VARDADE,67.63,43.62
185745,MANERWADI,70.39,42.61
185730,KHANAPUR,71.23,41.65
185719,GORHE KH.,71.65,40.65
185714,DONJE,76.2,38.68
185727,KHADAKWASALA,76.03,36.18
185718,GORHE BK.,74.56,38.02
185752,KOPRE,74.36,36.44
185735,KONDHWE DHAVADE,74.92,34.67
,,77.9,32.18
,,79.82,30.08
185748,NANDED,78.02,33.18
185732,KIRKATWADI,78.45,34.07
185750,NARHE,82.11,31.4
,,80.45,30.98
,,82.66,27.8
,,83.3,28.13
,,85.3,27.95
,,83.66,29.77
237299,JAMBHULWADI / KOLEWADI,83.01,32.78
,,83.46,31.51
,,80.35,33.13
185749,NANDOSHI,78.79,36.41
185583,SASEWADI,82.34,36.72
185733,KOLVADI SASHTE,81.91,34.81
185715,GAUDDARA,81.08,38.95
,,81.98,39.62
,,83.0,39.0
185524,KHOPI,80.96,35.84
,,81.6,38.04
185532,KUSAGAON,79.1,36.97
,,77.72,39.57
185571,RANJE,79.64,39.03
185701,ARVI,79.0,39.23
185734,KONDHANPUR,76.37,40.04
185716,GHERASINHAGAD,72.89,42.17
185725,KALYAN,73.11,38.43
295550,WANGANIWADI,74.81,35.96
185762,RAHATVADE,76.8,38.05
186619,NIGADE BK.,76.37,33.5
186613,MANGDARI,74.74,33.07
186599,KATVADI,73.27,34.67
186605,KOLWADI,71.97,35.33
186615,MARGASANI,71.76,32.11
186603,KODAVADI,72.26,29.65
186635,SURUVAD,73.53,29.24
186640,WADGAON ZANJE,74.36,29.12
186633,SONDE MATHANA,75.31,29.27
186598,KARANJAVANE,74.66,31.19
186576,AMBAVANE GROUP,76.62,30.76
186632,SONDE KARLA,75.92,28.7
185581,SANGAVI BK.,78.13,30.02
185526,KOLAVADI,79.54,29.94
185592,SONAVADI,78.47,31.4
185565,PARWADI,78.46,33.6
186584,BORAVALE GROUP,77.31,33.78
185530,KURUNGVADI,80.21,32.35
185509,KANJALE,82.42,34.23
185575,SALAVADE,82.87,32.12
185503,JAMBHALI,81.4,30.28
185605,VIRWADI,82.89,29.37
185536,MALEGAON,84.11,29.64
185550,NASRAPUR,85.34,30.27
185552,NAYGAON,86.04,32.89
185520,KELAWADE,84.75,32.67
185600,VARVE BK.,83.98,34.83
,,88.22,36.63
185484,DEGAON,87.11,32.88
186424,KETKAVALE,91.59,31.89
186405,CHILHEWADI*,93.84,35.35
186460,PURPOKHAR,95.09,37.79
186408,DEWADI,91.83,35.16
185515,KARANDI KHEBA,89.26,34.39
186470,SOMURDI,91.69,37.8
186428,KODIT BK.,94.85,35.44
186429,KODIT KH.,95.77,33.09
186413,GARDE,90.6,35.11
186474,THAPEWADI,87.58,36.84
185601,VARVE KH.,85.92,36.87
185591,SHIVARE,84.22,37.42
185519,KASURDI K. B,84.92,38.33
185602,VELU,84.28,37.13
185717,GOGALWADI,85.86,34.6
185587,SHINDEWADI,84.11,35.1
186400,BHIVARI,90.68,31.48
186396,ASKARWADI,88.71,31.45
185780,VADACHIWADI,90.83,28.6
185760,PISOLI,90.0,27.65
,,88.44,29.63
185720,GUJAR-NIMBALKARWADI,86.7,31.01
185708,BHILAREWADI,85.35,32.79
185745,MANERWADI,85.42,31.07
,,85.89,29.33
,,88.41,27.67
,,89.56,25.34
,,92.16,23.86
,,91.33,26.06
237301,OUTADE-HANDEWADI,92.68,26.01
,,94.48,20.6
185766,SHEWALWADI,98.35,19.23
,,98.13,20.35
,,95.28,23.66
185722,HOLKARWADI,93.76,26.48
186402,BOPGAON,94.15,30.01
186404,CHAMBALI,96.24,30.41
186411,DIVE,100.81,26.61
186482,ZENDEWADI,101.0,24.46
185783,VADAKI,97.67,24.7
185724,KADAMWAKVASTI,102.09,17.13
185740,LONIKALBHOR,103.04,19.76
185738,KUJIREWADI,106.99,15.5
185772,SORTAPWADI,110.1,14.33
185697,ALANDI MHATOBA,107.25,18.56
185773,TARDE,109.77,17.44
,,105.64,21.45
186471,SONORI,104.5,25.36
186477,VANPURI,105.96,26.63
186416,GURHOLI,108.51,22.67
186476,UDACHIWADI,107.74,25.59
186432,KUMBHARVALAN,105.52,29.09
186412,YEKHATPUR,107.15,28.96
,,107.85,29.25
186425,KHALAD,105.81,31.94
186403,BORALEWADI,103.3,33.43
186395,AMBODI,103.59,29.05
,,101.24,31.33
186419,HIVARE,98.36,30.6
186399,BHIWADI,97.31,35.35
186472,SUPE KH.,99.79,35.35
186414,GHERA PU.*,96.14,35.92
186397,BAHIRWADI*,96.56,35.3
186449,PANWADI,100.08,37.05
186448,PANGARE,103.4,38.28
186453,PIMPALE,102.44,35.2
186468,SHIVARI,107.19,34.84
186427,KHENGAREWADI,106.39,38.58
,,102.15,34.0
186418,HARGUDE,104.65,35.68
186434,MAHUR,103.78,31.87
,,107.54,36.06
,,107.04,29.63
186478,VIR,107.58,30.17
186475,TONDAL,104.16,28.91
185495,GUNAND,102.45,26.92
185594,TAPREWADI,101.76,28.03
185558,PENJALWADI,101.13,28.92
185546,NHAVI 322,99.7,26.72
185614,VATHAR KH.,101.02,25.81
185562,PANDE,96.42,25.31
185476,BHAMBAVADE,97.67,25.69
185479,BHONGVALI,97.66,28.93
186436,MANDHAR,100.51,31.93
186407,DAVANEWADI,99.72,33.98
186410,DHANKAWADI,97.78,31.56
186422,KALDARI,96.85,33.46
185544,MORWADI,92.96,30.12
185608,WAGAJWADI,94.01,29.11
185584,SAVARDARE,94.81,26.62
185525,KIKVI,91.69,26.47
185486,DHANGAWADI,90.3,26.7
185555,NIGDE,89.59,27.42
185510,KAPURHOL,89.37,28.41
185488,DIVALE,89.5,30.62
185496,HARISHCHANDRI,88.11,28.49
185597,UMBARE,86.69,27.78
185508,KAMTHADI,87.25,30.18
185578,SANGAVI KH.,84.31,27.96
185522,KHADKI,85.51,28.2
185543,MOHARI KH.,85.75,25.66
185542,MOHARI BK.,84.11,25.87
185554,NAHRE,83.36,23.49
185462,ALANDEWADI,86.93,24.08
185595,TELAVADI,87.3,26.08
185518,KASURDI GUMA,87.57,25.27
185461,ALANDE,88.57,23.87
185502,INGAVALI,88.44,22.14
185577,SANGAMNER,85.34,23.0
185580,SANGAVI HIMA,84.52,20.49
185599,VADGAON DAL,86.26,17.84
185615,YEVALI,84.44,19.47
185598,UTROLI,84.46,16.81
185521,KENJAL,90.95,24.39
185582,SAROLE,93.44,25.51
185569,RAJAPUR,95.12,24.63
185492,GOKAVADI,85.24,11.89
185470,BALAWADI,85.14,8.84
,,110.71,32.85
186437,MANDAKI,113.03,34.08
186417,HARNI,110.74,35.51
,,108.53,32.58
186456,PINGORI,111.22,40.42
,,112.0,38.57
,,117.16,42.68
186406,DOUNDAJ,114.74,41.43
186480,VALHE,117.64,41.4
,,117.24,39.44
186480,VALHE,114.17,38.07
186459,PISURTI,115.9,36.42
186421,JEUOR,116.1,34.37
186455,PIMPARI KH.,118.72,36.64
186415,GULUNCHE,120.97,40.32
185380,GADADARWADI,124.52,41.86
185394,KARANJE,126.83,44.29
185372,CHAUDHARWADI,125.61,44.02
186423,KARNALWADI,121.88,42.58
186463,RAKH,121.32,43.49
186441,NAVLI,122.11,40.06
185421,MODHAVE,127.15,41.22
185424,MURTI,128.43,38.04
259677,MORALWADI,131.15,39.02
185411,MAGARWADI,129.07,44.12
185395,KARNAJPUL,129.18,44.93
185458,VAKI,131.51,42.46
185448,SORTEWADI,130.42,45.33
185425,MURUM,129.81,44.11
185459,WANEWADI,127.34,41.83
185457,VAGHALWADI,127.5,42.24
185400,KHANDOBACHIWADI,125.29,41.24
185428,NIMBUT,123.68,39.24
186414,GHERA PU.*,121.08,37.57
185385,HOL,132.59,46.97
259675,SADOBACHIWADI,134.7,45.78
185405,KORHALE KH.,136.39,47.16
185409,LATE,138.95,47.17
259678,THOPATEWADI,140.48,44.61
185407,KURNEWADI,142.46,43.02
185417,MANPPAWASTI,143.61,42.45
185415,MALWADILONI,140.38,45.73
185444,SHIRASHNE,141.81,44.54
185399,KHANDAJ,151.03,36.35
185412,MALAD,155.83,31.0
185435,PAVANEWADI,152.18,34.46
185443,SHIRAVALI,148.16,38.82
185439,SANGAVI,145.4,41.42
185392,KAMBLESHVAR,143.21,43.49
185378,DHUMALWADI,146.22,40.05
185434,PAWAIMAL,146.67,39.37
185431,PANDARE,146.43,39.53
185447,SONAKASWADI,147.92,36.89
185413,MALEGAON BK.,150.59,35.55
185414,MALEGAON KH.,152.62,33.31
,,156.89,29.3
185419,MEDAD,155.4,29.38
185369,BHARHANPUR,153.86,29.82
185367,ANJANGAON,151.05,29.01
185396,KARHAVAGAJ,149.62,32.98
272754,BHILLARWADI,145.73,32.96
185387,JALGAON,145.8,30.82
185388,JALGAON SUPE,147.67,28.0
,,141.68,29.54
185441,SAYABACHIWADI,141.33,33.08
185376,DHAKALE,144.41,37.4
185406,KORHALE BK,140.11,42.58
185423,MUDHALE,139.57,37.45
185454,VADGAON NI.,136.67,42.47
259676,SASTEWADI,132.68,44.8
185373,CHOPADAJ,133.59,40.95
185430,PALSHIWADI,134.08,37.29
185410,LONIBHAPKAR,137.78,33.08
185418,MASALWADI,134.19,34.86
185451,TARDOLI,133.83,32.75
185368,BABURDI,137.28,28.32
185398,KALKHAIREWADI,135.81,27.07
185370,BHONDVEWADI,133.69,26.36
185408,KUTAVALWADI,133.67,24.52
185455,VADHANE,134.61,21.51
185449,SUPE,137.95,22.17
185374,DANDAWADI,142.01,19.41
185426,NAROLI,144.0,20.49
185432,PANSAREWADI,140.38,23.83
185402,KARAHATI,143.16,26.04
185375,DEULAGAON RASAL,147.29,23.66
185401,KHARKHEL,150.08,21.6
185445,SONVDISUPE,151.54,25.16
185452,UNDAWADI K.P.,155.53,25.02
185390,JARADWADI,155.72,22.43
185438,SABLEWADI,156.32,18.31
185453,UNTWADI SUPE,153.41,21.37
261742,KHARADEWADI,151.88,19.45
185639,JIREGAON,155.03,13.85
185643,KAUTHADI,157.38,13.97
185692,VASUNDE,150.83,17.17
185404,KOLOLI,145.84,20.74
185638,HINGANIWADI,147.85,15.83
185671,PATAS,147.75,8.76
185679,ROTI,149.66,12.3
185668,PANDHAREWADI,152.47,12.28
185653,KURKUMBHA,156.35,9.77
185635,GOPALWADI,157.98,4.97
185634,GIRIM,154.67,7.17
185682,SONWADI,158.15,1.62
185664,NANVIJ,156.46,1.65
185633,GAR,153.59,2.61
,,151.37,6.12
185691,VARVAND,144.17,8.34
185654,KUSEGAON,144.49,14.71
185667,PADAVI,140.5,17.14
185630,DEULGAON GADA,138.45,15.48
185690,VAKHARI,136.28,14.0
185622,BORIPARTHI,140.28,10.26
185644,KEDGAON,137.29,10.06
185651,KHUTBAV,133.81,8.9
185617,BHANDGAON,131.91,14.17
185694,YAVAT,128.47,12.92
185642,KASURDI,124.22,14.83
185618,BHARATGAON,123.13,17.89
186435,MALSHIRAS,124.29,21.39
186452,PONDHE,128.93,17.75
185649,KHOR,133.07,18.91
186458,PISE,130.48,23.35
186462,RAJURI,127.61,23.52
186465,RISE,129.18,25.05
185366,AMBI KH.,128.52,28.85
185371,CHANDGUDEWADI,131.61,29.18
185422,MORAGON,130.12,33.31
185365,AMBI BK.,127.48,32.35
186420,JAVALAJUN,124.38,32.83
185391,JOGAWADI,126.09,36.6
186438,MAWADI KP.,123.67,35.81
186443,NAZARE SUPE,120.59,32.23
186454,PIMPRI,121.12,29.92
186447,PANDESHWAR,125.11,29.63
186442,NAYGAON,124.01,25.84
186439,MAVDISUPE,120.31,27.92
186457,PISRVE,118.43,26.23
186401,BHOSALEWADI,115.65,29.02
186431,KOTHALE,116.33,30.83
186464,RANMALA,117.76,32.77
186444,NAZRE K.,120.21,34.44
186430,KOLVIHIRE,119.69,38.14
,,115.33,36.91
186409,DHALEWADI,115.76,33.65
186466,SAKURDE,111.0,36.69
186451,PARINCHE,109.17,37.89
186445,NILUNJ,110.4,32.44
186481,VALUNJ,109.0,32.14
186398,BELSAR,112.4,32.0
186450,PARGOAN,111.67,27.34
186426,KHANWADI,109.24,29.38
186469,SINGAPUR,110.46,24.41
185786,VALTI,110.82,19.27
186479,VAGHAPUR,112.55,22.18
186461,RAJEWADI,114.74,25.05
186473,TEKAWADI,120.57,22.16
186394,AMBLE,116.86,21.83
185625,DALIMB,116.02,17.72
185684,TAMHANWADI,119.18,19.03
185619,BORIENDI,119.77,16.42
185680,SAHAJPUR,120.9,13.27
185621,BORIBHADAK,117.47,14.22
185778,URULIKANCHAN,115.46,12.2
185768,SHINDAVANE,113.2,17.22
,,114.0,16.65
185736,KOREGAON MUL,113.39,11.13
185709,BIVARI,112.5,8.38
185702,ASHTAPUR,115.86,5.47
185707,BHAVARAPUR,115.86,8.48
298904,TILEKARWADI,118.27,10.76
185729,KHAMGAONTEK,119.43,9.33
185662,NANDUR,121.82,10.99
185624,DAHITNE,123.84,7.46
185660,MIRWADI,121.29,6.94
185721,HINGANGAON,118.17,7.22
185767,SHINDEWADI,119.23,4.68
185629,DEVKARWADI,123.76,4.52
185764,SANGVI SANDAS,122.6,1.43
185753,NHAVI SANDAS,119.89,1.62
186500,DHANORE,118.16,1.54
185769,SHIRSAVADI,113.2,5.47
185759,PIMPRISANDAS,116.4,1.78
185710,BURKEGAON,114.81,1.26
186498,DAREKARWADI,117.4,2.51
186554,SANASWADI,115.53,4.83
186512,JETEGAON KH.,114.38,7.88
186535,MUKHAI,113.72,11.83
186511,JATEGAON BK.,116.76,10.94
186557,SHIKRAPUR,118.45,9.34
186520,KASARI,123.51,6.93
186492,BURUNJWADI,121.23,12.01
186528,KONDHAPURI,124.1,8.37
186564,TALEGAON DHAMDHERE,121.71,4.68
186568,VITTHALWADI,124.35,1.15
186562,TAKALI BHIMA,127.75,1.49
185683,TAKLI,129.4,1.31
185687,VADGAONBANDE,131.11,2.01
185669,PANVALI,132.97,0.74
186544,PARODI,131.9,0.95
186540,NIMGAON MHALUNGE,128.0,4.2
186525,KHANDALE,125.78,9.31
186516,KARANJAVANE,131.46,4.73
186497,DAHIWADI,134.55,3.56
186491,BHAMBARDE,133.51,6.99
186567,URALGAON,137.36,3.73
186483,ALEGAONPAGA,137.64,1.62
185688,VALKI,135.44,1.0
185652,KOREGAON BHIVAR,134.67,1.28
185685,TELEWADI,131.02,3.93
185672,PATETHAN,126.15,1.89
185674,PILANWADI,126.75,5.45
185676,RAHU,129.8,6.41
185646,KHAMGAON,125.41,11.23
185686,UNDAWADI,128.91,8.97
,,132.48,7.04
,,131.01,7.14
185675,PIMPALGAON,132.85,4.05
185627,DELAWADI,135.5,3.53
,,135.39,5.12
,,136.62,8.22
185632,GALANDWADI,136.83,5.51
185648,KHOPODI,141.36,6.2
185670,PARGAON,140.81,3.29
186551,RANJANGAON SANDAS,139.49,1.42
186536,NAGARGAON,143.46,1.24
186487,ANDHALGAON,144.88,4.32
186530,KURULI,147.52,3.64
186527,KOLGOAN DOLAS,148.44,5.75
186570,WADGAON RASAI,148.41,2.45
185663,NANGAON,145.16,2.1
185626,DAPODI,142.56,6.2
185636,HATVALAN,147.89,1.88
186553,SADALGAON,149.35,0.88
186532,MANDAVGAN PHARATA,153.5,2.56
185641,KANGAON,150.93,2.44
186489,BABHULSAR BK.,154.65,0.71
,,159.47,2.42
186504,GANEGAON DUMALA,157.21,2.63
186565,TANDALI,159.96,4.9
186509,INAMGOAN,158.08,6.96
186547,PIMPALSUTI,156.14,7.33
186559,SHIRASGAON KATA,152.41,8.46
186495,CHINCHANI,155.1,13.14
186558,SHINDODI,152.2,15.77
186534,MOTEWADI,144.88,15.42
186541,NIMONE,146.05,14.57
186507,GUNAT,149.16,12.53
186542,NIRVI,148.59,8.73
186537,NHAVARE,143.75,7.99
186484,AMBALE,139.32,8.04
186494,CHAVHANWADI,142.04,13.87
186517,KARDE,138.09,11.5
186506,GOLEGAON,141.03,16.4
,,136.67,16.09
186560,SHIRUR GRAMIN,137.98,18.8
186572,WADNER KH.,123.14,32.07
186552,RAWADEWADI,123.58,23.18
186539,NIMGAON DUDE,125.33,23.64
186563,TAKALI HAJI,127.3,25.64
298906,MHASE BK,131.63,21.9
,,132.0,18.39
186518,KAREGAON,133.37,13.66
186490,BABHULSAR KH.,134.21,10.35
186501,DHOKSANGAVI,129.84,13.54
186550,RANJANGAON GANPATI,128.9,9.24
186548,PIMPRI DUMALA,125.5,12.19
186561,SONESANGAVI,126.65,14.9
186538,NIMGAON BHOGI,129.49,16.68
186485,AMADABAD,127.48,18.92
186496,CHINCHOLI MORACHI,118.85,18.69
186531,MALTHAN,123.23,19.0
186575,WAGHOLE,123.51,13.85
186574,WARUDE,120.24,15.64
186546,PIMPALEKHALSA,117.35,13.94
186508,HIVARE,116.23,15.51
186499,DHAMARI,112.25,14.07
186526,KHAIRENAGAR,111.62,17.2
186514,KANHURMESAI,116.21,20.93
185319,MANDALEWADI,112.27,20.73
185343,RANMALA,110.73,22.52
185304,KHADAKWADI,110.12,23.53
185334,PONDEWADI,111.67,26.21
186556,SAVINDANE,113.79,24.63
186522,KAWATHE,118.55,27.05
,,121.89,28.53
186493,CHANDOH,117.51,33.17
186503,PHAKATE,120.31,31.9
298905,SHARADWADI,120.17,36.2
186549,PIMPARKHED,114.59,32.89
185280,DEVGAON,114.05,31.06
185311,LAKHANGAON,114.18,29.06
185302,KATHAPUR BK.,110.66,27.31
186521,KATHAPUR KH.,111.91,30.08
185328,PARGAON T. AWASARI BK.,107.59,25.5
185297,JAWALE,104.63,24.52
185320,MENGADEWADI,103.45,20.31
185296,JARKARWADI,107.07,23.07
185314,LONI,107.7,19.47
185281,DHAMANI,106.35,20.66
185326,PAHAD DARA,103.18,18.55
185349,SHIRDALEWADI,103.52,17.59
186084,GADAKHWADI,104.17,15.78
186067,CHINCHBAIWADI,102.15,16.0
186185,WAFGAON,99.86,13.04
186095,JAVULKE BK.,98.92,13.93
,,98.06,15.75
185267,AWASARI BK.,100.15,18.12
185325,NIRGUDSAR,103.38,22.01
185355,TAWHAREWADI,99.53,19.69
185337,PIMPALGAON T. MAHALUNGE,97.77,19.25
185268,AWASARI KH.,95.58,16.58
185283,DHONDMALA SHINDEWADI,96.59,17.28
185283,DHONDMALA SHINDEWADI,95.22,14.35
185331,PETH,91.45,9.75
185354,TAMBADEMALA,92.49,12.83
185346,SHEWALWADI,92.56,14.16
185324,NIGHOTWADI,90.32,13.15
185358,THUGAON,87.39,9.53
186130,MIRAJEWADI,85.4,5.87
185271,BHAVADI,87.96,8.37
185301,KAREGAON,89.66,10.25
186053,BAHIRWADI,86.82,5.65
186138,PADALI,87.48,3.89
186139,PANGARI,86.03,3.28
186116,KOHINKARWADI,87.72,2.8
,,89.86,4.63
186156,SANDBHORWADI,89.22,4.7
186178,WARACHI BHAMBURWADI,91.14,5.13
186094,JAIDWADI,92.33,7.71
185329,PARGAON T. KHED,95.54,11.28
186091,GULANI,95.77,8.35
186189,WAKALWADI,97.69,9.14
186151,RETWADI,95.64,5.62
186110,KHARPUDI BK.,93.31,2.73
186096,JAVULKE KH.,93.92,5.43
186079,KHALCHI BHAMBURWADI,92.74,5.54
186171,TAKALKARWADI,91.81,2.84
,,91.11,3.16
186147,RAKSHEWADI,90.54,2.29
,,89.21,1.65
186158,SATKARSTHAL,87.41,1.31
186063,CHANDOLI,88.6,0.08
186167,SHIROLI,88.76,1.21
186127,MANJAREWADI,91.19,1.17
186093,HOLEWADI,90.83,1.52
186109,KHARPUDI KH.,92.2,0.71
186190,WAKI BK.,90.2,1.52
186191,WAKI KH.,90.09,2.96
,,90.35,4.85
186102,KALUS,95.14,1.14
186137,NIMGAON,96.35,2.79
186072,DAWADI,99.72,4.46
186070,CHINCHOSHI,103.95,4.98
186100,KANHERSAR,101.75,8.86
186090,GOSASI,99.03,7.9
186179,WARUDE,101.71,12.4
186145,PUR,103.7,11.57
,,105.91,12.3
,,108.15,13.94
186543,PABAL,106.38,14.38
,,105.95,15.74
185361,WADGAON PIR,110.22,20.28
,,109.45,17.4
,,107.53,11.86
186523,KENDUR,106.66,9.05
186545,PIMPALE JAGTAP,109.7,4.62
186573,WAJEWADI,109.55,3.88
186515,KARANDI,110.71,7.57
186058,BAHUL,105.42,2.71
186163,SIDDHEGAVHAN,105.9,1.7
186488,APTI,106.06,0.31
185775,TULAPUR,104.45,2.61
185757,PHULGAON,106.67,2.15
185784,VADHU KH.,109.11,1.3
186571,WADHU BK.,109.93,1.81
186529,KOREGAON BHIMA,112.75,1.52
186502,DIGRAJWADI*,115.04,1.11
185713,DONGARGAON,112.59,2.79
185755,PERANE,110.77,2.0
185705,BAKORI,109.36,5.09
185781,WADEBOLHAI,109.79,7.91
185756,PETH,111.31,11.72
185751,NAYGAON,110.1,11.21
185774,THEUR,107.31,13.01
185733,KOLVADI SASHTE,107.36,10.63
237299,JAMBHULWADI / KOLEWADI,104.3,13.2
185747,MANJARI KH.,101.55,13.85
185703,AVHALWADI,101.86,11.81
,,100.63,12.43
185785,WAGHOLI,103.0,9.16
185726,KESNAND,105.64,8.91
185741,LONIKAND,107.31,5.09
185706,BHAVADI,103.7,6.6
185746,MANJARI BK.,98.81,16.83
,,97.15,15.05
,,94.57,16.44
,,90.57,19.43
,,91.57,16.06
,,93.82,13.85
,,92.37,13.99
,,92.45,11.76
,,91.9,9.65
,,92.94,9.9
186065,CHARHOLI KH.,95.79,6.08
,,95.87,9.95
185754,NIRGUDI,98.82,7.08
185782,VADGAON-SHINDE,100.39,7.08
186087,GOLEGAON,102.02,5.33
186128,MARKAL,101.85,2.12
186168,SOLU,99.0,4.87
186077,DHANORE,97.26,6.67
186183,WADGAON GHENAND,97.64,2.66
186118,KOYALI T. CHAKAN,101.72,1.5
237306,PIMPALGAON T. KHED,100.56,2.31
186160,SHELGAON,97.81,0.56
186057,BHOSE,95.25,2.73
186149,RASE,93.0,5.02
,,94.37,6.48
186105,KELGAON,92.63,7.28
186069,CHIMBALI,90.5,9.12
186129,MEDANKARWADI,89.89,8.46
186097,KADACHIWADI,91.43,6.38
186135,NANEKARWADI,88.19,8.11
186124,KURULI,87.92,10.7
186132,MOI,85.82,13.26
186136,NIGHOJE,84.32,12.3
186112,KHALUMBRE,80.45,15.18
186276,SUDVADI,77.31,16.98
186197,YELWADI,78.24,17.18
186157,SANGURDI,77.27,18.78
,,78.67,18.36
,,80.99,16.51
,,82.27,16.85
,,81.4,19.56
,,79.57,19.62
,,79.09,22.52
,,82.53,20.8
,,83.39,18.7
,,85.9,18.21
,,85.21,15.3
,,88.36,13.32
,,90.12,11.77
,,88.89,16.45
,,86.99,20.15
185696,AHIRE,84.85,21.17
,,85.26,21.82
,,89.24,17.9
,,81.64,27.5
,,81.45,25.76
185696,AHIRE,81.94,25.99
186307,BAWDHAN BK.,78.65,29.89
,,77.97,29.89
186313,BHUGAON,75.8,32.36
186379,SUS,77.91,29.0
,,79.38,28.16
186350,MAHALUNGE,78.47,27.31
,,80.94,25.02
,,82.89,23.53
,,83.15,21.47
,,81.65,22.38
,,79.88,24.64
,,79.46,24.06
186356,MARUNJI,75.92,27.57
,,73.33,29.64
186353,MAN,73.48,30.72
186329,HINJAWADI,77.35,27.28
186363,NANDE,75.61,30.53
186348,LAVALE,73.52,33.42
186360,MULKHED,71.86,34.09
186318,CHANDE,72.94,32.35
186327,GHOTAWADE,69.19,35.47
186311,BHARE,69.89,36.34
186334,KASARAMBOLI,67.81,38.72
186299,AMBADVET,66.74,39.44
186322,DARAWALI,65.38,40.56
,,66.83,38.35
186359,MUGAWADE,65.52,39.11
186374,RIHE,66.95,36.5
186335,KASARSAI,71.51,31.24
186245,KUSGAON P.M.,69.3,33.14
186259,PACHANE,67.16,34.61
186213,CHANDKHED,69.06,31.06
186210,BEBED OHOL,66.11,31.15
186218,DHAMANE,69.75,27.95
186224,GODUMBRE,71.21,27.45
186264,SALUMBRE,72.55,27.13
186216,DARUMBRE,72.2,28.69
186265,SANGAVADE,74.82,26.38
186366,NERE,74.52,28.06
186330,JAMBE,76.54,26.17
,,78.24,24.74
,,76.98,23.09
,,75.38,23.74
186222,GAHUNJE,74.15,24.86
186272,SHIRGAON,72.62,25.49
,,71.79,23.62
,,76.67,21.13
186106,KANHEWADI T. CHAKAN,76.68,20.02
186226,INDURI,74.91,19.79
186292,WARELE,70.87,22.54
,,68.32,24.78
186275,SOMATANE,71.07,25.62
186260,PARANDVADI,68.77,27.39
186287,URSE,66.05,29.44
,,66.28,26.93
186267,SATE,66.33,24.95
186206,AMBI,68.67,22.6
186204,AMBALE,67.16,21.16
186256,NIGADE,65.05,19.18
186229,KALHAT,62.53,17.39
186187,WAHAGAON,65.88,15.54
186165,SHIVE,68.67,15.79
186150,RONDHALWADI,70.78,12.83
186140,PAIT,72.88,10.07
186104,KARANJVIHIRE,73.81,13.71
186254,NAVLAKH UMBRE,72.11,17.41
186253,NANOLI T. CHAKAN,72.72,19.98
237307,JAMBAWADE,75.61,17.8
186277,SUDUMBARE,78.49,15.35
186164,SHINDE,76.93,14.99
186196,WASULI,78.77,13.89
186054,BHAMBOLI,79.83,11.67
186194,WARALE,81.79,10.36
186159,SAWARDARI,80.53,12.8
186126,MHALUNGE,83.16,11.12
186108,KHARABWADI,86.47,8.09
186060,BIRADWADI,86.39,6.56
186152,ROHKAL,87.45,4.68
186088,GONAWADI,85.92,5.54
186044,AMBETHAN,84.01,8.11
186119,KOREGAON KH.,82.07,8.38
186064,CHANDUS,83.46,4.77
186144,PIMPRI BK.,86.11,3.96
186184,WADGAON T. KHED,86.16,1.28
186081,DONDE,84.33,1.13
186115,KIWLE,81.06,5.71
186125,KURKUNDI,78.69,7.36
186120,KOREGAON BK.,81.13,7.72
186161,SHELU,79.39,10.27
186049,AASKHED BK.,77.52,9.96
186048,ASKHED KH.,77.35,11.78
186075,DHAMANE,75.15,11.11
186121,KOYE,75.82,9.15
186172,TALAWADE,74.96,6.45
186113,KOHINDE BK.,74.86,4.85
186085,GARGOTWADI,77.2,4.73
186099,KADUS,81.1,1.56
186043,AKHARWADI,84.07,2.43
186142,PAPALWADI,84.49,3.7
186066,CHAS,82.61,2.71
186154,SAYGAON,79.2,0.17
,,79.81,1.6
186107,KANHEWADI BK.,81.08,4.68
186131,MOHKAL,81.22,3.86
186103,KAMAN,82.55,4.5
185309,KURWANDI,84.19,8.2
186098,KADADHE,79.4,3.68
,,77.0,3.43
186180,WETALE,76.86,0.68
259681,KOYALI TARF WADA,73.9,0.34
186153,SABURDI,74.13,2.6
273769,DAREKWADI,74.44,2.43
186155,SAKURDI,70.96,1.36
186170,SURKUNDI,70.06,0.67
186068,CHIKHALGAON,68.32,0.98
186101,KALMODI,66.13,1.23
186199,YENIYE KH.,66.92,3.22
186074,DEVOSHI,68.38,3.46
186050,AVDAR,66.53,6.36
186188,WAJVANE,69.44,4.26
186195,WASHIRE,71.01,4.83
,,73.22,7.97
186042,AHIRE,69.23,11.43
186092,HEDRUJ,68.71,8.75
186041,ADGAON,63.82,9.2
186141,PALU,66.18,9.69
186176,TORANE BK.,67.55,12.78
186073,DESHMUKHWADI,64.68,14.42
186047,ANAWALE,64.93,12.15
186173,TEKWADI,63.07,12.18
186117,KOLIYE,61.81,14.28
186186,WAGHU,61.4,11.74
186169,SUPE,61.99,9.34
186051,AWANDHE,60.27,8.94
186123,KUDE KH.,64.79,5.35
186122,KUDE BK.,62.84,5.68
186198,YENIYE BK.,64.97,3.23
186086,GHOTAWADI,60.28,7.0
186076,DHAMANGOAN KH.,60.65,6.52
186162,SHENDURLI,61.86,5.28
186080,DHUVOLI,61.47,6.5
186166,SHIRGAON,60.42,8.21
186134,NAYPHAD,64.4,6.23
186114,KHAROSHI,66.05,3.31
186078,DEHANE,63.42,4.56
186082,EKLAHARE,64.18,2.93
186089,GOREGAON,67.93,0.77
186174,TIFANWADI,71.16,1.88
186192,WALAD,70.41,3.47
186052,AWHAT,68.19,3.28
185339,POKHARI,67.17,8.4
185293,GORHE KH.,68.9,6.54
185292,GORHE BK.,71.59,7.52
185285,DIMBE KH.,72.03,9.7
185307,KOLTAWADE,70.34,11.3
185284,DIMBE BK.,71.77,10.65
185264,AMBEGAON GAVTHAN,71.62,12.79
185341,RAJEWADI,68.81,9.69
185298,KALAMB,68.2,11.76
185294,JAMBHORI,64.72,12.04
185277,CHIKHALI,64.04,9.38
185352,TALEGHAR,61.56,9.95
185332,PHALODE GROUP,61.66,13.54
185310,KUSHIRE BK.,65.4,15.1
185266,ASANE,65.47,18.68
185359,TIRPAD,61.37,19.3
185946,HATVIJ,63.24,23.17
185919,BHIVADE BK.,66.08,24.55
185920,BHIVADE KH.,66.39,22.72
185907,AMBE,66.92,21.1
185951,INGALUN,69.15,22.09
185909,AMBOLI,68.53,25.38
186026,UTCHIL,70.78,23.86
185999,PUR,71.22,26.06
186016,SONAVALE,71.59,21.92
185938,GHANGALDARE,72.79,20.85
186017,SUKALVEDHE,70.38,18.5
185317,MALIN,67.75,17.98
185327,PANCHALE BK.,69.23,14.47
185272,BHORGHAR,72.7,16.32
185929,DATKHILWADI,78.26,19.22
186021,TAMBE,76.23,19.95
185949,HIVARE T. MINHER,74.39,20.04
186009,SHINDE,74.38,22.54
186002,RALEGAN,75.94,22.45
186037,VANEWADI,74.62,24.04
185932,DHALEWADI T. MINHER,73.09,23.74
185926,CHAVAND,73.99,26.35
186000,RAJOR,78.63,28.85
186024,TEJUR,77.47,26.57
186019,SURALE,77.91,24.75
185911,APTALE,76.24,24.39
185924,BOTARDE,78.11,22.98
185984,NIRGUDE,81.62,25.47
185962,KHANGAON,79.35,25.24
185959,KHAMGAON,81.77,30.14
185975,MANIK DOH,80.91,27.26
185996,PIMPALGON,85.3,30.66
185987,PADALI,84.84,28.38
186015,SOMATWADI,84.01,26.86
185970,KUSUR,84.21,24.92
,,84.14,23.32
185918,BELSAR,80.2,23.47
186040,YENERE,80.91,22.22
185954,KALE,79.35,20.84
185925,BUCHAKEWADI,80.66,19.0
185991,PARUNDE,82.91,20.08
185957,KATEDE,83.31,22.11
185928,CHINCHOLI,84.75,19.88
185265,AMBODI,81.69,16.06
185306,KOLDARA GONWADI,82.52,13.93
185287,GANGAPUR KH.,78.45,16.13
185300,KANSE,75.91,13.1
185335,PHULAWADE,74.78,14.76
185316,MAHALUNGE T. GHODA,73.78,11.6
185350,SUPEDHAR,73.91,10.6
185348,SHINOLI,76.06,10.69
185288,GANGAPUR BK.,78.47,13.41
185263,AMBEDARA,76.62,7.65
185333,PHALADEWADI / UGALEWADI,74.49,7.84
186182,WADA,73.16,3.76
185353,TALEKARWADI,77.77,7.69
185282,DHAKALE,77.8,6.15
185345,SAL BABHULWADI,78.71,8.66
185336,PIMPALGAON T. GHODA,78.57,11.08
185283,DHONDMALA SHINDEWADI,81.28,12.03
185299,KALEWADI DAREKARWADI,80.52,10.19
185279,CHINCHOLI,84.12,14.07
185290,GHODEGAON,83.71,12.04
185308,KOLAWADI KOTAMDARA,81.97,8.76
185312,PINGALEWADI LANDEWADI,85.34,11.68
185278,CHINCHODI,87.49,12.52
298895,Walunjwadi,89.78,13.6
185360,WADGAON KASHIMBEG,90.53,15.75
185276,CHAS,87.58,15.88
185323,NARODI,86.71,14.19
185291,GIRWALI,84.85,17.07
185963,KHILARWADI,87.65,20.59
186008,SAVARGAON,89.65,22.55
185315,MAHALUNGE PADWAL,89.53,19.33
185351,TAKEWADI,93.06,21.36
185943,GUNJALWADI,93.45,24.81
186038,VARULWADI,96.06,25.53
185298,KALAMB,95.24,22.23
185322,NANDUR,92.41,18.97
185364,VITTHALWADI,92.34,19.71
185344,SAKORE,90.65,17.2
185318,MANCHAR,93.75,16.82
185286,EKLAHARE,93.79,18.76
185275,CHANDOLI KH.,96.63,19.53
185303,KHADAKI,99.93,22.13
185274,CHANDOLI BK.,97.8,22.14
185295,JADHAVWADI,102.2,26.91
185357,THORANDALE,101.58,25.0
185270,BHARADI,102.24,23.14
185321,NAGAPUR,104.8,26.3
185347,SHINGAVE,109.14,28.8
185362,WALATI,108.27,30.55
185342,RANJANI,105.0,28.67
185964,KHODAD,104.35,30.78
186018,SULTANPUR,109.42,33.98
186013,SHIROLI T. ALE,108.44,34.18
185922,BORI KH.,107.95,35.01
186033,VADGAONKANDALI,106.03,34.39
185976,MANJARWADI,101.48,27.21
185313,LOUKI,98.05,24.23
185950,HIVRE T. NARAYANGAON,100.28,28.25
185978,NARAYANGAON,98.23,28.92
186039,YEDGAON,100.2,32.67
185921,BHORWADI,101.44,32.2
185956,KANDALI,104.56,34.61
185995,PIMPALWANDI,106.65,38.48
186036,VADGAON ANAND,109.73,43.23
185998,PIMPARIPENDHAR,105.82,41.49
185960,KHAMUNDI,103.05,41.3
185937,DUMBARWADI,100.7,39.72
185955,KALWADI,102.76,36.97
186028,UMBRAJ NO.1,99.39,34.66
185947,HIVRE BK.,97.46,34.55
185935,DHOLWAD,98.55,36.61
186025,TIKEKARWADI,96.82,37.22
185948,HIVARE KH.,95.68,35.17
185979,NETVAD,94.18,35.77
186023,TEJEWADI,93.76,32.5
186011,SHIROLI KH.,92.0,32.36
186012,SHIROLI BK.,91.77,29.6
237305,VIGNHAHARNAGAR,95.19,32.78
185986,OZHARJUNE,96.34,32.74
185934,DHANGARWADI,96.36,30.08
185912,ARVI,94.46,27.57
185993,PIMPALGAON T.NARAYANGAON,92.24,25.29
185969,KURAN,92.4,28.15
185931,DHALEWADI HAVELI,94.34,30.33
185961,KHANAPUR,89.3,27.05
186034,VADGAONSAHANI,90.63,25.77
185916,BASTI,89.23,24.76
185980,NIMGAON T. MHA,87.9,24.2
185981,NIMDARI,86.95,21.2
186032,VADAJ,85.96,22.84
185933,DHAMNKHEL,86.93,25.91
,,87.1,29.35
185901,AGAR,86.84,29.73
185901,AGAR,88.74,28.6
185968,KUMSHET,90.25,31.57
,,88.76,29.71
185941,GOLEGAON,88.71,31.91
185904,ALDARE,86.99,32.24
185906,ALME,87.8,35.09
185914,BALLALWADI,91.12,35.05
,,87.73,37.3
185967,KOPARE,88.97,43.05
,,89.07,39.99
185994,PIMPALGAON JOGA,92.7,42.11
185973,MANDAVE,93.22,44.12
185927,CHILHEWADI,97.52,46.79
185902,AHINAVEWADI,97.77,43.81
186027,UDAPUR,94.82,40.28
185972,MANDARNE,95.93,42.24
185936,DINGORE,92.33,38.79
185985,OTUR,99.19,40.97
186004,ROHKADI,100.02,44.13
185908,AMBEGHAVAN,100.17,46.68
186006,SAGNORE,84.46,41.03
185965,KHUBI,80.93,40.59
185990,PARGOAN T. MADH,80.37,35.74
185971,MADH,83.43,37.76
185988,PANGRI T. MADH,84.47,35.84
185940,GODRE,84.47,32.91
185945,HADSAR,79.47,31.59
186014,SITEWADI,80.84,33.77
186031,UNDEKHADAK,77.01,29.41
185961,KHANAPUR,75.49,30.68
237304,KHIRE,74.49,29.99
185958,KEWADI,75.13,28.18
185983,NIMGIRI,76.26,32.91
186020,TALERAN,77.19,35.76
185930,DEVALE,73.27,32.49
185903,ANJNAVALE,70.63,33.41
185953,JALVANDI,72.26,29.05
185939,GHATGHAR,68.32,29.84
185992,PEMDARAWADI,126.53,53.15
185910,ANE,123.51,50.05
186010,SHINDEWADI,127.84,56.51
185977,NALAVANE,119.7,49.75
185905,ALE,111.57,42.97
,,114.46,47.06
185966,KOLWADI,114.63,45.47
185923,BORI BK.,111.1,38.67
186001,RAJURI,114.87,42.93
185944,GUNJALWADI BELHE,116.2,42.45
186030,UNCHKHADAKWADI,117.49,46.86
185915,BANGARWADI,119.74,45.96
185942,GULUNCHWADI,121.19,46.14
299369,Zapwadi,118.74,40.16
186003,RANMALA,119.26,42.03
186005,SAKORI T. BELHA,115.62,39.07
185917,BELHE,117.44,41.97
186022,TAMBEWADI,114.66,40.23
185952,JADHAVWADI,113.08,38.23
185982,NIMGAON SAVA,112.13,35.75
185989,PARGOAN T. ALE,114.82,35.46
185913,AURANGPUR,112.22,34.33
185269,BHAGADI,111.83,32.46
185997,PIMPRI KAVAL,117.93,36.56
185974,MANGALUR,117.01,38.34
185810,CHANDGAON,197.7,0.01
185647,KHANOTA,185.1,1.8
185666,NAYGAON,182.53,0.29
185693,VATLUJ,180.2,0.75
185659,MALTHAN,175.44,1.59
185637,HINGANIBERDI,172.61,1.76
185681,SHIRAPUR,174.51,0.7
185673,PEDGAON,173.18,2.04
185689,VADGAON DAREKAR,170.25,1.01
185628,DEULGAONRAJE,170.58,3.0
185616,ALEGAON,167.52,2.34
185616,ALEGAON,161.4,1.24
,,160.84,3.57
185650,KHORODI,164.35,3.61
185656,LINGALI,160.44,6.12
185658,MALADPATAS,161.58,9.97
185620,BORIBEL,167.73,6.69
185661,NANDADEVI,165.72,11.96
185678,RAVANGAON,165.25,10.23
185442,SHIRSUPHAL,160.86,15.67
185381,GADIKHEL,161.25,18.94
185433,PARWADI,166.48,15.51
185882,SHETPHALGADHE,170.15,12.67
185866,PIMPALE,173.88,8.88
185427,NIMBODI,171.16,11.17
185645,KHADAKI,170.08,8.65
185657,LONARWADI,172.25,4.29
185623,CHINCHOLI,175.41,7.41
185804,BHIGWAN,179.28,4.18
,,179.04,4.53
185677,RAJEGAON,181.3,1.99
185816,DIKASAL,181.93,1.8
185887,TAKRARWADI,180.46,1.86
,,179.27,3.23
185850,MADANWADI,176.11,6.19
185843,KUMBHARGOAN,181.14,2.41
185799,BHADALWADI,179.71,6.26
185871,PONDWADI,177.1,6.72
185792,AKOLE,176.65,11.05
185834,KALAS,180.87,10.28
185884,SHINDEWADI,172.24,16.61
185841,KAZAD,174.41,15.49
185857,NIMBODI,169.08,19.44
185845,LAKADI,169.74,17.51
185860,NIRGUDE,173.14,12.02
185853,MHASOBAWADI,169.47,15.38
185440,SAVAL,165.88,19.36
185386,JAINAKWADI,166.34,16.84
185403,KATPHAL,163.16,19.77
185383,GOJUBABI,158.39,24.58
,,160.09,24.43
185456,VANJARWADI,163.28,21.09
,,163.11,22.29
,,161.83,24.57
185436,PIMPALI,162.56,25.05
185393,KANHERI,165.05,22.19
185397,KATEWADI,166.54,21.69
185377,DHEKALWADI,165.09,24.59
185891,TAWSHI,165.78,26.04
185446,SONGAON,162.76,28.13
185460,ZARGADWADI,161.34,27.91
185379,DORLEWADI,159.39,28.74
185384,GUNWADI,159.05,28.09
185429,NIRAVAGAJ,154.76,33.22
185420,MEKHALI,158.51,31.31
185382,GHADAGEWADI,156.12,33.3
185844,KURAVALI,169.07,26.76
185828,JAMB,168.35,26.0
185852,MANKARWADI,166.94,27.84
185893,UDHAT,166.59,26.76
,,167.08,25.31
185865,PAWARWADI,168.16,25.05
259679,SAPKALWADI,167.23,23.83
185876,SANSAR,169.21,21.52
185826,JACHAKVASTI,170.41,21.59
185798,BELAWADI,171.6,22.02
185892,THORATWADI,169.97,23.53
185847,LASURNE,172.94,22.99
185808,BORI,174.3,17.8
,,174.68,19.36
185801,BHARANEWADI,178.28,17.61
,,175.59,19.87
185872,RANGOAN,176.43,23.7
185870,PITHEWADI,171.96,24.81
185811,CHIKHALI,170.76,27.19
185833,KALAMB,174.45,25.69
185858,NIMSAKHAR,179.19,20.66
185859,NIRWANGI,182.48,16.24
185878,SARAPHWADI,184.67,14.92
185869,PITAKESHWAR,186.85,14.51
185820,GHORPADWADI,182.73,17.5
185823,GOTANDI,184.83,17.74
185831,KACHARWADI N.K.,187.91,16.49
185898,VYAHALI,187.71,14.13
185881,SHELGOAN,182.57,16.34
185824,HAGARWADI,181.96,20.4
185885,SHIRSATWADI,179.92,21.35
185793,ATHURNE,177.65,20.96
185832,KADBANWADI,184.34,13.21
185875,RUI,186.41,7.94
185814,DALAJ NO.1,183.71,3.0
185815,DALAJ NO.3,185.83,3.44
185863,PALASDEV,191.05,2.64
185848,LONI DEVKAR,193.85,6.37
185855,NHAVI,189.93,8.87
185892,THORATWADI,186.78,10.72
185840,KOUTHALI,191.94,11.3
185806,BIJWADI,196.68,7.31
185796,BALPUDI,194.31,8.64
185803,BHAWADI,196.81,2.27
185790,AGOTI NO.2,199.61,1.45
185896,WARKUTE BK.,197.72,4.88
299397,Karewadi,199.19,3.8
185836,KALTHAN NO.1,201.62,1.5
185789,AGOTI NO.1,201.46,0.79
185835,KALASHI,202.86,0.83
185819,GANJEVALAN,205.81,0.01
185837,KALTHAN NO.2,202.65,2.75
185817,GALANDWADI NO.1,202.1,4.92
,,200.94,7.61
185889,TARANGWADI,197.41,9.99
185856,NIMGAON KETAKI,190.55,14.7
185897,WARKUTE KH.,191.12,11.82
261946,GAKHOLI,195.56,11.43
185900,ZHAGADEWADI,195.12,9.71
185839,KATI,189.71,10.5
185873,REDA,187.95,10.89
185883,SHETPHAL HAVELI,193.14,6.73
185886,SURWAD,196.02,3.26
185864,PANDHARWADI,194.79,8.03
185899,WADAPURI,197.22,6.25
185794,AWSARI GROUP,200.46,3.28
185800,BHANDGAON,198.64,1.45
185795,BABHULGAON,205.1,1.25
185802,BHATNIMGAON,202.62,1.28
185818,GALANDWADI NO.2,203.43,4.56
185877,SARDEWADI,206.01,3.15
185825,HINGANGAON,208.44,1.69
185880,SHAHA,208.51,0.49
185838,KANDALGAON,212.8,1.36
185890,TARATGAON,210.77,0.34
,,212.21,0.17
185791,AJOTI,209.33,0.15
185851,MALWADI,205.21,3.68
185868,PIMPRI KH.,206.3,2.69
185862,PADASATHAL,209.47,1.97
185854,NARSINHPUR,207.81,1.96
185821,GIRWI,205.74,4.76
185888,TANNU,204.47,2.22
185867,PIMPARI BK.,201.54,2.57
185822,GONDI,202.27,5.07
185822,GONDI,198.89,4.0
185849,LUMEWADI,197.46,6.04
185861,NIRNIMGAON,190.1,8.15
185879,SARATI,195.05,5.34
185830,KACHARWADI BAWADA,192.49,6.38
185797,BAWADA,195.71,2.2
185894,WAKILWASTI,198.05,0.23
185894,WAKILWASTI,195.03,3.13
185805,BHODANI,192.13,5.95
185846,LAKHEWADI,190.08,7.35
185870,PITHEWADI,190.69,7.0
185809,CHAKATI,186.3,11.1
185874,REDANI,186.24,11.54
185842,KHOROCHI,181.73,15.81
185807,BORATWADI,183.22,14.17
