gp_code,gp_name,landuse_cropland_pct,landuse_forest_pct,landuse_water_pct,landuse_builtup_pct
185338,PIMPARGANE,50.86,42.14,3.0,4.0
185262,AHUPE,46.17,46.83,3.0,4.0
185330,PATAN GROUP,50.25,42.75,3.0,4.0
185340,RAJPUR,50.97,42.03,3.0,4.0
186175,TOKAWADE,50.92,42.08,3.0,4.0
186133,MOROSHI,51.93,41.07,3.0,4.0
186055,BHOMALE,50.6,42.4,3.0,4.0
186055,BHOMALE,45.42,47.58,3.0,4.0
186056,BHORGIRI,46.59,46.41,3.0,4.0
185305,KONDHAWAL,45.13,47.87,3.0,4.0
186310,BHAMBARDE,20.34,70.3,5.36,4.0
186351,MALE,20.95,68.7,6.35,4.0
186300,AMBAVANE,21.43,68.8,5.77,4.0
237308,KURWANDE,18.96,70.46,6.58,4.0
259817,KUNE NAMA,21.75,68.59,5.66,4.0
,,20.06,70.45,5.49,4.0
,,21.85,64.07,10.08,4.0
,,21.88,66.36,7.76,4.0
186293,WARSOLI,23.54,65.63,6.83,4.0
,,24.34,64.08,7.58,4.0
,,25.47,61.68,8.85,4.0
,,23.74,61.51,10.75,4.0
186293,WARSOLI,21.97,61.81,12.22,4.0
186291,WAKSAI,23.19,59.81,13.0,4.0
186289,WEHERGAON,25.67,57.68,12.65,4.0
186234,KARLA,22.62,56.83,16.55,4.0
186279,TAKAWE KH.,27.86,53.49,14.64,4.01
186269,SHILATANE,26.5,55.13,14.37,4.0
186240,KHANDSHI,29.54,58.71,7.75,4.0
186225,GOVITRI,35.08,53.69,7.23,4.0
186271,SHIRADHE,33.34,58.27,4.39,4.0
186285,UDHEWADI*,26.05,65.41,4.54,4.0
186268,SAWALA,35.97,57.03,3.0,4.0
186239,KHAND,34.83,58.17,3.0,4.0
186215,DAHULI,35.95,57.05,3.0,4.0
186231,KAMBRE N.M.,37.63,55.37,3.0,4.0
186215,DAHULI,40.79,52.21,3.0,4.0
186227,INGALUN,45.15,47.85,3.0,4.0
186250,MALEGAON BK.,40.75,52.25,3.0,4.0
186193,WANDRE,44.73,48.27,3.0,4.0
186181,VIRHAM,47.7,45.3,3.0,4.0
186111,KHARPUD,48.59,44.41,3.0,4.0
186143,PARSUL,52.04,40.96,3.0,4.0
186046,AMBOLI,51.33,41.67,3.0,4.0
186045,AMBHU,49.16,43.84,3.0,4.0
186236,KASHAL,48.0,45.0,3.0,4.0
186083,GADAD,50.37,42.63,3.0,4.0
186241,KONDIWADE A.M.,47.98,45.0,3.0,4.02
186223,GHONSHET,44.56,45.77,5.65,4.02
186212,BHOYARE,47.99,45.0,3.0,4.01
186290,WADESHWAR,43.86,47.77,4.37,4.0
186246,KUSAVALI,41.1,51.9,3.0,4.0
186286,UKSAN,37.91,52.61,5.48,4.0
186233,KARANJGAON,39.2,49.85,6.94,4.01
186255,NANE,38.19,47.69,10.09,4.03
186201,ADHALE BK.,35.74,49.78,10.47,4.01
186241,KONDIWADE A.M.,39.22,48.58,8.19,4.01
186266,SANGISE,32.36,52.4,11.23,4.01
186252,MUDHAWARE,30.27,51.26,14.45,4.02
,,30.99,49.7,15.27,4.04
186238,KHADKALA C.T.,35.6,47.66,12.69,4.05
186232,KANHE,41.54,45.0,9.34,4.12
186263,SAI,43.63,45.07,7.25,4.05
186280,TAKAWE BK.,45.89,45.0,5.03,4.08
259689,Jambhul,44.61,45.0,6.14,4.25
186267,SATE,42.15,45.0,8.5,4.35
,,42.88,45.0,7.79,4.33
,,39.47,45.0,11.32,4.21
,,34.48,46.42,14.91,4.19
186209,BAUR,34.05,46.37,15.32,4.26
186274,SHIVANE,38.46,45.0,11.99,4.55
186258,OZHARDE,40.29,45.0,10.15,4.56
186202,ADHE,41.77,45.0,8.44,4.79
186201,ADHALE BK.,40.44,45.0,9.35,5.21
186200,ADHALE KH.,42.07,45.0,6.74,6.19
186262,PUSANE,40.67,45.0,8.1,6.23
186219,DIVAD,38.89,45.0,10.89,5.22
186220,DONE,36.21,45.95,13.26,4.58
237310,MALVANDI DHORE,34.19,46.34,15.1,4.37
186273,SHIVALI,26.4,49.91,19.53,4.16
186296,YELGHOL,29.38,48.6,17.71,4.31
186257,OWHALE,34.06,47.03,14.29,4.62
186248,MALVANDI THULE,26.45,50.48,18.86,4.21
186283,TIKONA,24.6,52.32,18.93,4.15
186294,WARU,20.65,53.53,21.75,4.07
186242,KOTHURNE,22.13,52.19,21.58,4.1
186295,YELSE,22.2,51.92,21.8,4.08
186228,KADADHE,23.81,50.82,21.29,4.08
186282,THUGAON,30.07,47.99,17.72,4.22
186235,KARUNJ,28.08,48.98,18.83,4.11
186214,CHIKHALSE,35.47,46.48,13.92,4.13
186244,KUSGAON KH.,32.19,48.29,15.45,4.07
186278,TAJE,25.63,51.5,18.84,4.03
186261,PATAN,21.8,54.47,19.72,4.01
,,20.99,56.21,18.79,4.01
186211,BHAJE,19.22,56.81,19.96,4.01
186247,MAHAGAON,19.43,53.83,22.71,4.03
237309,LOHGAD,17.17,57.13,21.69,4.01
186217,DEVALE,18.84,58.32,18.84,4.0
186249,MALVALI N.M.,20.41,59.45,16.14,4.0
186221,DONGARGAON,19.93,61.59,14.48,4.0
186208,OUNDHE KH.,18.12,60.57,17.31,4.0
186243,KUSGAON BK.,19.24,63.69,13.07,4.0
,,20.69,63.7,11.61,4.0
,,20.63,66.84,8.53,4.0
,,19.66,66.16,10.18,4.0
186207,APTI,18.31,63.61,14.08,4.0
,,19.55,65.2,11.25,4.0
186251,MORAVE,19.48,61.86,14.65,4.01
186237,KEWARE,19.73,57.9,18.34,4.03
186284,TUNG,19.06,59.97,16.96,4.01
186251,MORAVE,17.77,59.8,18.42,4.01
186205,AMBEGAON,17.5,57.35,21.13,4.02
,,18.51,55.14,22.31,4.04
186295,YELSE,18.43,55.27,22.27,4.03
186230,KALE COLONY,19.32,53.96,22.68,4.04
186281,THAKURSAI,20.94,54.85,20.15,4.06
,,22.43,55.35,18.15,4.07
186203,AJIVALI,22.89,55.72,17.32,4.07
186387,WALEN,23.71,53.64,18.48,4.17
186377,SHEDANI,21.16,57.05,17.73,4.06
186319,CHANDIVALI,21.9,59.1,14.97,4.03
186270,SHILIM,21.4,58.68,15.89,4.03
186347,KUMBHERI,21.6,65.51,8.89,4.0
186306,BARPE,21.2,67.85,6.95,4.0
186372,POMGAON,21.89,63.22,10.88,4.01
186388,WANDRE,20.02,63.4,12.57,4.01
186351,MALE,18.97,57.09,19.87,4.07
186388,WANDRE,20.34,60.22,15.42,4.02
186386,VALANE,21.66,53.47,20.67,4.2
186361,MULSHI KH.,20.84,52.44,22.44,4.28
186378,SHERE,28.74,47.73,18.51,5.02
186331,JAMGAON,25.96,49.48,19.92,4.64
186304,ASADE,29.58,47.81,17.64,4.97
,,27.94,48.95,18.4,4.71
186309,BHADAS BK.,25.46,50.33,19.72,4.49
186375,SAMBHAVE,22.79,51.57,21.29,4.35
186342,KOLWAN,27.11,50.5,17.96,4.43
186328,HADSHI,25.08,53.02,17.72,4.18
,,26.07,52.01,17.72,4.2
186305,BHALGUDI,29.1,50.14,16.4,4.36
186337,KATARKHADAK,35.17,46.78,13.2,4.85
186364,NANGAON,33.06,47.75,14.4,4.79
186376,SATHESAI,30.56,49.05,15.82,4.57
186345,KULE,37.34,45.0,11.81,5.85
186320,CHIKHALGAON,34.74,46.62,13.51,5.13
186338,KHAMBOLI,39.34,45.0,9.72,5.94
186370,PIMPALOLI,40.24,45.0,7.58,7.18
186333,JAVAL,39.24,45.0,8.37,7.39
186317,CHALE,37.93,45.0,9.49,7.58
186323,DHAKHANE,37.55,45.0,10.62,6.83
186365,NANEGAON,33.64,46.4,14.62,5.34
186346,KHUBVALI,34.94,45.67,13.69,5.7
186298,AKOLE,33.36,45.84,15.14,5.66
186302,ANDESHE,33.39,45.34,15.39,5.88
186343,KONDHAWALE,35.39,45.0,12.9,6.71
186373,RAWADE,36.36,45.0,11.7,6.94
186369,PAUD,36.88,45.0,9.13,8.99
186321,CHINCHWAD,36.22,45.0,11.16,7.62
186308,BELAWADE,35.46,45.0,11.63,7.91
186362,MUTHA,35.83,45.0,10.28,8.89
186352,MALEGAON,36.34,45.0,11.76,6.9
186303,ANDGAON,36.16,45.0,11.69,7.15
186339,KHARAWADE,36.67,45.0,12.45,5.88
186389,WANJALE,36.3,45.0,12.54,6.16
186341,KOLAWADE,32.64,46.68,15.54,5.14
186340,KHECHARE,34.63,45.0,14.36,6.01
186354,MANDEDE,29.17,47.34,18.4,5.09
186361,MULSHI KH.,20.2,53.09,22.49,4.22
186382,TEMGHAR,27.75,51.46,16.53,4.26
186349,LAVHARDE,26.97,49.57,18.93,4.53
186312,BHODE,32.61,48.25,14.55,4.59
186297,ADMAL,33.46,51.02,11.34,4.18
186324,DASAVE,30.83,53.27,11.79,4.11
186368,PATHARSHET,34.22,49.63,11.87,4.28
186368,PATHARSHET,35.93,47.78,11.84,4.45
186618,MOSE BK.,36.83,46.54,11.93,4.7
186357,MOSE KH.,36.27,47.53,11.77,4.43
186357,MOSE KH.,37.04,45.0,12.9,5.06
186391,WATUNDE,37.02,45.06,12.49,5.43
186627,SAIV BK.,37.44,45.0,12.15,5.41
186332,JATEDE,35.7,45.0,11.48,7.82
186297,ADMAL,35.57,45.0,12.81,6.62
186645,WARASGAON,36.58,45.0,12.24,6.18
186609,KURAN KH.,34.53,45.0,14.32,6.15
186596,KADAVE,32.99,45.0,16.69,5.32
186641,WADGHAR,34.31,45.0,15.75,4.94
186578,AMBEGAON KH.,36.84,45.6,13.02,4.54
186590,GIVSHI,35.04,45.0,15.51,4.45
,,31.26,45.0,19.31,4.43
186583,BHATTI WAKDARA,29.82,45.0,20.38,4.8
186597,KANAND,28.95,45.0,21.81,4.24
186583,BHATTI WAKDARA,27.83,45.0,22.91,4.26
186637,WELHE KH.,28.21,45.0,22.59,4.2
186604,KOLAMBI,32.04,46.1,17.81,4.05
186621,NIVI GEVHANDE,31.05,45.72,19.1,4.13
186588,GHISAR,32.23,48.43,15.28,4.06
186593,HARPUD,33.65,50.79,11.54,4.02
186614,MANGAON,34.31,52.58,9.08,4.03
186607,KOSHIMGHAR,34.13,53.32,8.51,4.04
186594,HIRPODI,34.34,52.18,9.42,4.06
186630,SHIRKOLI,34.43,47.98,13.44,4.15
186607,KOSHIMGHAR,35.0,49.31,11.52,4.17
186322,DARAWALI,35.57,48.65,11.51,4.27
186582,BALWAD,34.55,51.06,10.3,4.09
186381,TAV,33.7,53.23,9.0,4.07
186324,DASAVE,30.88,59.03,6.08,4.01
186591,GONDEKHAL GROUP,32.7,57.0,6.28,4.02
186636,TEKPOLE GROUP,33.47,57.27,5.25,4.01
186589,GHOL,31.44,61.56,3.0,4.0
186380,TAMHINI BK.,23.09,63.91,8.99,4.01
186326,DHAMANHOL,27.2,61.75,7.04,4.01
186315,BHOINI,29.61,55.84,10.5,4.05
186358,MUGAON,27.39,58.3,10.28,4.03
186390,WARAK,20.23,57.82,17.9,4.05
186392,WEGARE,22.82,54.95,18.13,4.1
186385,WADGAON,18.17,55.89,21.84,4.1
,,18.18,57.75,20.02,4.05
186367,NIVE,19.88,62.78,13.33,4.01
186600,KELAD,37.49,45.99,12.51,4.01
186595,JADHAVWADI,32.44,45.0,18.51,4.05
186629,SHENVAD,31.0,45.0,19.92,4.08
186607,KOSHIMGHAR,32.49,45.0,18.43,4.08
185468,ASHIMPI,50.34,41.44,4.22,4.0
185588,SHIRGAON,52.29,40.71,3.0,4.0
,,52.21,40.79,3.0,4.0
185493,GUDHE GR.,57.46,35.54,3.0,4.0
185489,DURGADI,53.42,39.58,3.0,4.0
185589,SHIRVALI HIMA,55.16,37.84,3.0,4.0
185612,VARAVAND,55.19,37.81,3.0,4.0
185501,HIRDOSHI,55.94,35.95,4.11,4.0
185557,PARHAR BK.,58.48,33.52,4.0,4.0
185483,DAPAKEGHAR,59.19,32.0,4.81,4.0
185564,PARHAR KH.,58.61,34.39,3.0,4.0
185527,KONDHARI B.K.,57.68,33.78,4.53,4.01
185556,NIGUDGHAR,58.44,31.04,6.51,4.01
185573,RAYARI,58.86,29.93,7.21,4.0
185574,SALAV,59.11,30.58,6.31,4.0
185573,RAYARI,59.85,31.83,4.32,4.0
185528,KORLE,61.65,29.16,5.19,4.0
185607,VADTUMBI,61.55,27.47,6.98,4.0
185596,TITEGHAR,62.82,27.43,5.75,4.0
185538,MHAKOSHI,61.19,26.23,8.58,4.0
185481,CHIKHALGAON,63.51,25.72,6.77,4.0
185611,VARODI KH.,64.87,22.26,8.87,4.0
185463,AAMBADE,64.59,21.33,10.08,4.0
185560,PALE,61.84,22.64,11.52,4.0
185609,VARODI BK.,63.66,23.3,9.04,4.0
185610,VARODI DAYMUKH,64.51,22.86,8.63,4.0
185572,RAVDI,63.33,24.53,8.14,4.0
185517,KARNAVAD,61.44,24.34,10.22,4.0
185547,NAZRE,58.83,24.61,12.56,4.0
185487,DHAVADI,57.62,22.8,15.57,4.01
185559,PALSOSHI,59.6,22.67,13.73,4.0
185553,NERE,59.19,21.27,15.53,4.01
185500,HATNOSHI,54.48,22.26,19.25,4.01
185523,KHANAPUR,55.64,20.99,19.36,4.01
185475,BHABAVADI,52.76,21.64,21.57,4.03
185469,BAJARWADI,55.04,23.05,17.9,4.01
,,53.61,24.01,18.36,4.02
185551,NATAMBI,54.84,25.1,16.04,4.02
185549,NANDGAON,56.17,27.16,12.65,4.02
185579,SANGVI T. BHOR,57.53,26.78,11.68,4.01
185513,KARANJE,56.29,25.72,13.98,4.01
185561,PANVHAL,57.32,25.29,13.38,4.01
185465,AMBAVADE,59.48,26.34,10.18,4.0
185514,KARI,59.79,28.24,7.97,4.0
185477,BHAVEKHAL,58.32,28.93,8.74,4.01
185466,ANGASULE,58.33,27.95,9.71,4.01
185467,APTI,57.08,28.49,10.41,4.02
185533,MAHUDE BK.,56.37,28.44,11.14,4.05
185504,JAYATPAD,55.97,29.55,10.34,4.14
185534,MAHUDE KH.,55.97,27.92,12.03,4.08
,,54.48,26.55,14.88,4.09
185548,NAND,53.41,25.74,16.76,4.09
185586,SHIND,53.01,25.26,17.62,4.11
185567,PISAVARE,53.96,26.07,15.93,4.04
185613,VATHARHIMA,54.47,26.09,15.41,4.03
185464,AMBEGHAR,52.88,24.68,18.41,4.03
185590,SHIRVALI T. BHOR,51.88,24.12,19.95,4.05
185568,POMBARDI,51.22,23.56,21.15,4.07
185604,VENAVADI,51.22,23.19,21.54,4.05
,,51.29,22.09,22.57,4.05
185478,BHOLAVADE,51.36,21.91,22.61,4.12
185474,BASARAPUR,51.82,22.25,21.75,4.18
185471,BARE BK.,52.66,23.81,19.32,4.21
185472,BARE KH,51.95,23.08,20.79,4.18
299221,KIVAT,51.22,23.13,21.53,4.12
185490,GAWADI,52.4,24.51,18.96,4.13
185539,MHALAVADI,54.13,24.52,17.06,4.29
185505,JOGAWADI,57.18,24.12,14.0,4.7
185537,MAZGAON,56.19,23.05,16.16,4.6
185497,HARNAS,55.38,22.06,18.08,4.48
185473,BRAMHANGHAR V.K.,55.06,21.47,19.06,4.41
185499,HATVE KH.,60.38,21.87,12.4,5.35
185498,HATAVE BK.,59.81,21.21,13.94,5.04
185593,TAMBHAD,59.96,23.04,11.61,5.39
186631,SONDE HIROJI,39.87,45.0,9.35,5.78
186634,SONDE SARPHALA,40.3,45.0,9.13,5.57
185511,KARANDI BK.,58.15,27.11,9.72,5.02
185606,VADHANE,57.94,26.41,10.8,4.85
185491,GORADMHASAVALI,58.44,25.35,11.39,4.82
,,55.92,25.21,14.46,4.41
185566,PASURE,56.04,26.58,13.12,4.26
185570,RAJGHAR,56.74,28.03,10.77,4.46
185516,KARANDI KH.,57.17,28.51,9.39,4.93
186580,ASANI DAMGUDA,40.37,45.0,9.63,5.0
185506,KAMBARE KH.,55.3,30.14,9.95,4.61
185531,KURUNJI,53.19,31.71,10.7,4.4
186592,GUNJAVANE,38.95,45.0,11.3,4.75
,,46.21,34.8,14.6,4.39
185535,MALE,49.68,33.85,12.22,4.25
185603,VELVAND,55.88,29.73,10.1,4.29
185512,KARANJGAON,57.56,29.8,8.62,4.02
185540,MHASAR KH.,57.89,31.07,7.02,4.02
185541,MHASAR BK.,56.48,32.97,6.53,4.02
185485,DEHEN GR.,54.66,33.45,7.85,4.04
185563,PANGARI,54.61,32.22,9.07,4.1
185576,SALUNGAN,52.64,35.97,7.36,4.03
185585,SHILIMB,52.26,38.32,5.41,4.01
185529,KUMBALE,44.45,39.38,12.13,4.04
185480,BHUTONDE,47.55,36.26,12.09,4.1
185494,GUHINI,39.53,38.49,17.84,4.14
186617,METPILAWARE,29.06,45.0,21.68,4.26
186638,WELHE BK.,28.29,45.0,22.15,4.56
186637,WELHE KH.,28.79,45.0,21.28,4.93
186594,HIRPODI,28.77,45.0,20.99,5.24
186602,KHARIV,30.15,45.0,19.76,5.09
186642,WAJEGHAR,31.26,45.0,19.0,4.74
186624,PAL BK.,31.28,45.0,19.29,4.43
186611,LAVHI BK.,33.8,45.0,16.28,4.92
186616,MERAVANE,35.65,45.0,14.16,5.19
186585,CHIRMODI,37.4,45.0,12.32,5.28
186581,ASNI MANJAI,38.76,45.0,11.14,5.1
186628,SAKHAR,35.96,45.0,13.34,5.7
186639,VINZHAR,33.3,45.0,13.96,7.74
186610,LASHIRGAON,31.95,45.0,16.47,6.58
186612,MALAVALI,33.14,45.0,15.28,6.58
186644,WANJALE,32.03,45.0,17.59,5.38
186587,DAPODE,30.55,45.0,18.07,6.38
186625,RANJANE,29.05,45.0,17.89,8.06
185728,KHAMGAON MAVAL,39.02,31.39,17.94,11.65
186606,KONDGAON,26.34,45.0,18.12,10.54
186601,KHAMGAON,28.47,45.0,18.01,8.52
186626,RULE,31.05,45.0,16.46,7.49
186577,AMBED,28.5,45.0,17.8,8.7
186623,PABE,29.26,45.0,19.86,5.88
186586,DHANEP,28.32,45.0,21.81,4.87
185700,AMBI,37.98,39.0,16.86,6.16
186608,KURAN BK.,34.51,45.0,13.32,7.17
185771,SONAPUR,37.88,35.92,16.25,9.95
186620,NIGADE MOSE,26.34,45.0,17.82,10.84
186622,OSADE,36.82,34.88,17.27,11.03
185723,JAMBHALI,39.66,37.72,13.69,8.93
186325,DAVAJE,29.92,45.0,13.65,11.43
185765,SANGRUN,35.36,35.05,16.22,13.37
185704,BAHULI,37.09,36.91,13.12,12.88
186344,KONDHUR,34.36,45.0,12.15,8.49
,,34.08,45.0,11.19,9.73
,,33.14,45.0,10.31,11.55
186301,AMBEGAON,34.26,45.0,10.02,10.72
186355,MARNEWADI,32.31,45.0,9.74,12.95
186384,URAWADE,27.7,45.0,10.56,16.74
186316,BOTARWADI,23.37,45.0,12.23,19.4
,,37.7,37.39,12.22,12.69
185696,AHIRE,27.26,33.15,15.23,24.36
186371,PIRANGUT,19.36,45.0,10.3,25.34
186314,BHUKUM,10.0,43.05,14.22,32.73
,,17.79,30.86,18.6,32.75
185737,KUDAJE,18.3,30.15,21.55,30.0
185695,AGALAMBE,22.96,30.77,21.99,24.28
185695,AGALAMBE,27.87,32.88,17.28,21.97
185743,MANDAVI BK.,31.44,33.63,18.11,16.82
237300,KHADAKWADI,25.82,31.98,20.38,21.82
185744,MANDAVI KH.,28.45,32.38,20.0,19.17
185742,MALKHED,32.07,32.78,19.45,15.7
185787,VARDADE,35.26,33.03,18.84,12.87
185745,MANERWADI,28.79,30.92,21.25,19.04
185730,KHANAPUR,26.07,30.32,22.02,21.59
185719,GORHE KH.,22.99,30.16,22.52,24.33
185714,DONJE,21.59,26.37,20.97,31.07
185727,KHADAKWASALA,10.0,26.88,22.53,40.59
185718,GORHE BK.,15.42,27.99,22.98,33.61
185752,KOPRE,10.87,28.68,21.86,38.59
185735,KONDHWE DHAVADE,10.0,28.02,18.93,43.05
,,10.0,21.5,17.71,50.79
,,10.0,18.26,14.76,56.98
185748,NANDED,10.0,21.69,19.67,48.64
185732,KIRKATWADI,9.99,22.76,20.32,46.93
185750,NARHE,10.01,19.5,14.94,55.55
,,10.0,17.99,16.35,55.66
,,10.0,14.69,11.54,63.77
,,10.0,14.78,11.69,63.53
,,10.0,16.31,9.8,63.89
,,10.0,17.77,12.36,59.87
237299,JAMBHULWADI / KOLEWADI,14.29,22.02,13.32,50.37
,,10.0,21.57,12.84,55.59
,,10.0,21.69,17.82,50.49
185749,NANDOSHI,17.35,24.63,19.12,38.9
185583,SASEWADI,33.28,21.97,11.84,32.91
185733,KOLVADI SASHTE,20.85,22.5,14.31,42.34
185715,GAUDDARA,39.85,22.6,11.63,25.92
,,47.5,21.91,9.11,21.48
,,52.54,21.22,7.4,18.84
185524,KHOPI,56.87,22.36,7.96,12.81
,,53.1,22.04,7.87,16.99
185532,KUSAGAON,52.82,23.64,8.84,14.7
,,42.5,24.75,13.14,19.61
185571,RANJE,46.74,23.38,10.67,19.21
185701,ARVI,33.79,24.06,15.07,27.08
185734,KONDHANPUR,39.84,25.75,14.82,19.59
185716,GHERASINHAGAD,31.89,28.58,20.09,19.44
185725,KALYAN,43.39,28.06,15.13,13.42
295550,WANGANIWADI,32.68,45.0,11.07,11.25
185762,RAHATVADE,47.23,25.29,11.68,15.8
186619,NIGADE BK.,37.47,45.0,8.5,9.03
186613,MANGDARI,36.99,45.0,9.88,8.13
186599,KATVADI,35.48,45.0,10.54,8.98
186605,KOLWADI,34.13,45.0,11.98,8.89
186615,MARGASANI,37.76,45.0,10.77,6.47
186603,KODAVADI,39.48,45.0,10.0,5.52
186635,SURUVAD,39.6,45.0,9.8,5.6
186640,WADGAON ZANJE,39.53,45.0,9.79,5.68
186633,SONDE MATHANA,39.35,45.0,9.78,5.87
186598,KARANJAVANE,38.76,45.0,9.49,6.75
186576,AMBAVANE GROUP,39.73,45.0,8.42,6.85
186632,SONDE KARLA,40.15,45.0,9.15,5.7
185581,SANGAVI BK.,60.24,24.07,9.14,6.55
185526,KOLAVADI,60.82,23.11,9.53,6.54
185592,SONAVADI,60.1,23.89,8.51,7.5
185565,PARWADI,58.18,23.95,8.29,9.58
186584,BORAVALE GROUP,36.9,45.0,8.52,9.58
185530,KURUNGVADI,60.69,22.77,8.17,8.37
185509,KANJALE,61.15,21.4,7.25,10.2
185575,SALAVADE,63.02,21.08,8.04,7.86
185503,JAMBHALI,62.71,21.92,8.7,6.67
185605,VIRWADI,62.82,20.98,10.21,5.99
185536,MALEGAON,63.78,20.27,9.98,5.97
185550,NASRAPUR,65.16,19.59,9.16,6.09
185552,NAYGAON,66.53,19.29,6.48,7.7
185520,KELAWADE,65.41,20.0,6.69,7.9
185600,VARVE BK.,62.36,20.48,6.63,10.53
,,66.77,18.24,4.22,10.77
185484,DEGAON,67.53,18.72,6.39,7.36
186424,KETKAVALE,71.86,16.65,6.01,5.48
186405,CHILHEWADI*,73.64,15.91,4.09,6.36
186460,PURPOKHAR,74.07,15.56,3.0,7.37
186408,DEWADI,71.75,16.63,4.42,7.2
185515,KARANDI KHEBA,69.37,17.72,5.11,7.8
186470,SOMURDI,69.45,16.73,3.0,10.82
186428,KODIT BK.,71.33,15.67,3.0,10.0
186429,KODIT KH.,69.53,15.46,3.0,12.01
186413,GARDE,62.16,17.29,3.0,17.55
186474,THAPEWADI,57.45,18.7,4.82,19.03
185601,VARVE KH.,62.28,19.44,5.64,12.64
185591,SHIVARE,59.36,20.42,5.53,14.69
185519,KASURDI K. B,53.6,20.13,6.32,19.95
185602,VELU,45.59,20.61,8.0,25.8
185717,GOGALWADI,40.21,19.87,7.57,32.35
185587,SHINDEWADI,32.9,20.95,10.02,36.13
186400,BHIVARI,49.32,17.47,4.37,28.84
186396,ASKARWADI,38.92,18.51,5.72,36.85
185780,VADACHIWADI,36.48,17.67,4.72,41.13
185760,PISOLI,25.4,18.26,5.35,50.99
,,26.34,18.9,6.42,48.34
185720,GUJAR-NIMBALKARWADI,22.86,19.81,8.12,49.21
185708,BHILAREWADI,25.56,20.43,9.42,44.59
185745,MANERWADI,16.28,20.62,9.85,53.25
,,10.0,20.29,9.36,60.35
,,14.3,19.23,6.61,59.86
,,10.21,18.9,5.59,65.3
,,20.48,17.61,4.23,57.68
,,26.11,17.72,4.62,51.55
237301,OUTADE-HANDEWADI,35.21,17.03,4.04,43.72
,,24.11,16.91,3.0,55.98
185766,SHEWALWADI,44.96,15.44,3.0,36.6
,,46.74,15.42,3.0,34.84
,,41.74,16.12,3.0,39.14
185722,HOLKARWADI,44.51,16.49,3.0,36.0
186402,BOPGAON,58.47,16.09,3.0,22.44
186404,CHAMBALI,65.52,15.42,3.0,16.06
186411,DIVE,69.74,15.0,3.0,12.26
186482,ZENDEWADI,66.89,15.0,3.0,15.11
185783,VADAKI,56.47,15.29,3.0,25.24
185724,KADAMWAKVASTI,57.85,15.0,3.0,24.15
185740,LONIKALBHOR,65.02,15.0,3.0,16.98
185738,KUJIREWADI,70.12,15.0,3.0,11.88
185772,SORTAPWADI,74.08,15.0,3.0,7.92
185697,ALANDI MHATOBA,72.75,15.0,3.0,9.25
185773,TARDE,74.89,15.0,3.0,7.11
,,72.51,15.0,3.0,9.49
186471,SONORI,73.88,15.0,3.0,8.12
186477,VANPURI,75.67,15.0,3.0,6.33
186416,GURHOLI,75.78,15.0,3.0,6.22
186476,UDACHIWADI,76.25,15.0,3.0,5.75
186432,KUMBHARVALAN,76.29,15.0,3.0,5.71
186412,YEKHATPUR,76.84,15.0,3.0,5.16
,,77.08,15.0,3.0,4.92
186425,KHALAD,77.07,15.0,3.0,4.93
186403,BORALEWADI,76.71,15.0,3.0,5.29
186395,AMBODI,75.22,15.0,3.0,6.78
,,74.78,15.0,3.0,7.22
186419,HIVARE,70.74,15.01,3.0,11.25
186399,BHIWADI,74.36,15.1,3.0,7.54
186472,SUPE KH.,76.0,15.0,3.0,6.0
186414,GHERA PU.*,76.03,15.28,3.0,5.69
186397,BAHIRWADI*,76.5,15.19,3.0,5.31
186449,PANWADI,77.16,15.0,3.0,4.84
186448,PANGARE,77.58,15.0,3.0,4.42
186453,PIMPALE,76.9,15.0,3.0,5.1
186468,SHIVARI,77.64,15.0,3.0,4.36
186427,KHENGAREWADI,77.81,15.0,3.0,4.19
,,77.82,15.0,3.0,4.18
186418,HARGUDE,77.88,15.0,3.0,4.12
186434,MAHUR,77.96,15.0,3.0,4.04
,,77.96,15.0,3.0,4.04
,,78.0,15.0,3.0,4.0
186478,VIR,78.0,15.0,3.0,4.0
186475,TONDAL,77.99,15.0,3.0,4.01
185495,GUNAND,77.99,15.0,3.0,4.01
185594,TAPREWADI,77.98,15.0,3.0,4.02
185558,PENJALWADI,77.96,15.0,3.0,4.04
185546,NHAVI 322,76.66,15.0,4.31,4.03
185614,VATHAR KH.,77.99,15.0,3.0,4.01
185562,PANDE,74.48,15.23,6.22,4.07
185476,BHAMBAVADE,75.57,15.03,5.35,4.05
185479,BHONGVALI,76.04,15.02,4.79,4.15
186436,MANDHAR,77.84,15.0,3.0,4.16
186407,DAVANEWADI,77.61,15.0,3.0,4.39
186410,DHANKAWADI,76.43,15.01,4.22,4.34
186422,KALDARI,76.08,15.12,4.05,4.75
185544,MORWADI,72.64,16.13,6.52,4.71
185608,WAGAJWADI,73.3,15.79,6.49,4.42
185584,SAVARDARE,73.21,15.59,7.04,4.16
185525,KIKVI,69.33,16.61,9.75,4.31
185486,DHANGAWADI,67.64,17.16,10.76,4.44
185555,NIGDE,67.31,17.46,10.62,4.61
185510,KAPURHOL,67.83,17.56,9.78,4.83
185488,DIVALE,69.36,17.52,7.65,5.47
185496,HARISHCHANDRI,66.47,18.14,10.38,5.01
185597,UMBARE,64.23,18.85,11.95,4.97
185508,KAMTHADI,66.82,18.59,8.87,5.72
185578,SANGAVI KH.,62.3,20.13,12.32,5.25
185522,KHADKI,63.5,19.48,11.81,5.21
185543,MOHARI KH.,60.77,19.35,15.29,4.59
185542,MOHARI BK.,59.53,20.25,15.5,4.72
185554,NAHRE,55.84,20.72,19.06,4.38
185462,ALANDEWADI,60.43,18.76,16.48,4.33
185595,TELAVADI,63.11,18.55,13.77,4.57
185518,KASURDI GUMA,62.61,18.42,14.54,4.43
185461,ALANDE,62.72,17.97,15.06,4.25
185502,INGAVALI,61.17,18.08,16.6,4.15
185577,SANGAMNER,57.15,19.62,18.95,4.28
185580,SANGAVI HIMA,54.0,20.16,21.7,4.14
185599,VADGAON DAL,56.07,19.36,20.52,4.05
185615,YEVALI,53.44,20.26,22.2,4.1
185598,UTROLI,53.67,20.41,21.88,4.04
185521,KENJAL,66.93,16.93,11.95,4.19
185582,SAROLE,71.16,16.01,8.67,4.16
185569,RAJAPUR,72.97,15.54,7.41,4.08
185492,GOKAVADI,59.66,20.34,15.99,4.01
185470,BALAWADI,63.59,20.7,11.71,4.0
,,78.0,15.0,3.0,4.0
186437,MANDAKI,78.0,15.0,3.0,4.0
186417,HARNI,77.99,15.0,3.0,4.01
,,77.99,15.0,3.0,4.01
186456,PINGORI,77.97,15.0,3.0,4.03
,,77.99,15.0,3.0,4.01
,,78.0,15.0,3.0,4.0
186406,DOUNDAJ,77.99,15.0,3.0,4.01
186480,VALHE,78.0,15.0,3.0,4.0
,,78.0,15.0,3.0,4.0
186480,VALHE,78.0,15.0,3.0,4.0
186459,PISURTI,78.0,15.0,3.0,4.0
186421,JEUOR,78.0,15.0,3.0,4.0
186455,PIMPARI KH.,78.0,15.0,3.0,4.0
186415,GULUNCHE,78.0,15.0,3.0,4.0
185380,GADADARWADI,90.0,3.0,3.0,4.0
185394,KARANJE,90.0,3.0,3.0,4.0
185372,CHAUDHARWADI,90.0,3.0,3.0,4.0
186423,KARNALWADI,78.0,15.0,3.0,4.0
186463,RAKH,78.0,15.0,3.0,4.0
186441,NAVLI,78.0,15.0,3.0,4.0
185421,MODHAVE,90.0,3.0,3.0,4.0
185424,MURTI,90.0,3.0,3.0,4.0
259677,MORALWADI,90.0,3.0,3.0,4.0
185411,MAGARWADI,90.0,3.0,3.0,4.0
185395,KARNAJPUL,90.0,3.0,3.0,4.0
185458,VAKI,90.0,3.0,3.0,4.0
185448,SORTEWADI,90.0,3.0,3.0,4.0
185425,MURUM,90.0,3.0,3.0,4.0
185459,WANEWADI,90.0,3.0,3.0,4.0
185457,VAGHALWADI,90.0,3.0,3.0,4.0
185400,KHANDOBACHIWADI,90.0,3.0,3.0,4.0
185428,NIMBUT,90.0,3.0,3.0,4.0
186414,GHERA PU.*,78.0,15.0,3.0,4.0
185385,HOL,90.0,3.0,3.0,4.0
259675,SADOBACHIWADI,90.0,3.0,3.0,4.0
185405,KORHALE KH.,90.0,3.0,3.0,4.0
185409,LATE,90.0,3.0,3.0,4.0
259678,THOPATEWADI,90.0,3.0,3.0,4.0
185407,KURNEWADI,90.0,3.0,3.0,4.0
185417,MANPPAWASTI,90.0,3.0,3.0,4.0
185415,MALWADILONI,90.0,3.0,3.0,4.0
185444,SHIRASHNE,90.0,3.0,3.0,4.0
185399,KHANDAJ,90.0,3.0,3.0,4.0
185412,MALAD,90.0,3.0,3.0,4.0
185435,PAVANEWADI,90.0,3.0,3.0,4.0
185443,SHIRAVALI,90.0,3.0,3.0,4.0
185439,SANGAVI,90.0,3.0,3.0,4.0
185392,KAMBLESHVAR,90.0,3.0,3.0,4.0
185378,DHUMALWADI,90.0,3.0,3.0,4.0
185434,PAWAIMAL,90.0,3.0,3.0,4.0
185431,PANDARE,90.0,3.0,3.0,4.0
185447,SONAKASWADI,90.0,3.0,3.0,4.0
185413,MALEGAON BK.,90.0,3.0,3.0,4.0
185414,MALEGAON KH.,90.0,3.0,3.0,4.0
,,90.0,3.0,3.0,4.0
185419,MEDAD,90.0,3.0,3.0,4.0
185369,BHARHANPUR,90.0,3.0,3.0,4.0
185367,ANJANGAON,90.0,3.0,3.0,4.0
185396,KARHAVAGAJ,90.0,3.0,3.0,4.0
272754,BHILLARWADI,90.0,3.0,3.0,4.0
185387,JALGAON,90.0,3.0,3.0,4.0
185388,JALGAON SUPE,90.0,3.0,3.0,4.0
,,90.0,3.0,3.0,4.0
185441,SAYABACHIWADI,90.0,3.0,3.0,4.0
185376,DHAKALE,90.0,3.0,3.0,4.0
185406,KORHALE BK,90.0,3.0,3.0,4.0
185423,MUDHALE,90.0,3.0,3.0,4.0
185454,VADGAON NI.,90.0,3.0,3.0,4.0
259676,SASTEWADI,90.0,3.0,3.0,4.0
185373,CHOPADAJ,90.0,3.0,3.0,4.0
185430,PALSHIWADI,90.0,3.0,3.0,4.0
185410,LONIBHAPKAR,90.0,3.0,3.0,4.0
185418,MASALWADI,90.0,3.0,3.0,4.0
185451,TARDOLI,90.0,3.0,3.0,4.0
185368,BABURDI,90.0,3.0,3.0,4.0
185398,KALKHAIREWADI,90.0,3.0,3.0,4.0
185370,BHONDVEWADI,90.0,3.0,3.0,4.0
185408,KUTAVALWADI,90.0,3.0,3.0,4.0
185455,VADHANE,90.0,3.0,3.0,4.0
185449,SUPE,90.0,3.0,3.0,4.0
185374,DANDAWADI,90.0,3.0,3.0,4.0
185426,NAROLI,90.0,3.0,3.0,4.0
185432,PANSAREWADI,90.0,3.0,3.0,4.0
185402,KARAHATI,90.0,3.0,3.0,4.0
185375,DEULAGAON RASAL,90.0,3.0,3.0,4.0
185401,KHARKHEL,90.0,3.0,3.0,4.0
185445,SONVDISUPE,90.0,3.0,3.0,4.0
185452,UNDAWADI K.P.,90.0,3.0,3.0,4.0
185390,JARADWADI,90.0,3.0,3.0,4.0
185438,SABLEWADI,90.0,3.0,3.0,4.0
185453,UNTWADI SUPE,90.0,3.0,3.0,4.0
261742,KHARADEWADI,90.0,3.0,3.0,4.0
185639,JIREGAON,90.0,3.0,3.0,4.0
185643,KAUTHADI,90.0,3.0,3.0,4.0
185692,VASUNDE,90.0,3.0,3.0,4.0
185404,KOLOLI,90.0,3.0,3.0,4.0
185638,HINGANIWADI,90.0,3.0,3.0,4.0
185671,PATAS,90.0,3.0,3.0,4.0
185679,ROTI,90.0,3.0,3.0,4.0
185668,PANDHAREWADI,90.0,3.0,3.0,4.0
185653,KURKUMBHA,90.0,3.0,3.0,4.0
185635,GOPALWADI,90.0,3.0,3.0,4.0
185634,GIRIM,90.0,3.0,3.0,4.0
185682,SONWADI,90.0,3.0,3.0,4.0
185664,NANVIJ,90.0,3.0,3.0,4.0
185633,GAR,90.0,3.0,3.0,4.0
,,90.0,3.0,3.0,4.0
185691,VARVAND,90.0,3.0,3.0,4.0
185654,KUSEGAON,90.0,3.0,3.0,4.0
185667,PADAVI,90.0,3.0,3.0,4.0
185630,DEULGAON GADA,90.0,3.0,3.0,4.0
185690,VAKHARI,90.0,3.0,3.0,4.0
185622,BORIPARTHI,90.0,3.0,3.0,4.0
185644,KEDGAON,90.0,3.0,3.0,4.0
185651,KHUTBAV,90.0,3.0,3.0,4.0
185617,BHANDGAON,90.0,3.0,3.0,4.0
185694,YAVAT,89.99,3.0,3.0,4.01
185642,KASURDI,89.94,3.0,3.0,4.06
185618,BHARATGAON,89.94,3.0,3.0,4.06
186435,MALSHIRAS,77.98,15.0,3.0,4.02
186452,PONDHE,78.0,15.0,3.0,4.0
185649,KHOR,90.0,3.0,3.0,4.0
186458,PISE,78.0,15.0,3.0,4.0
186462,RAJURI,78.0,15.0,3.0,4.0
186465,RISE,78.0,15.0,3.0,4.0
185366,AMBI KH.,90.0,3.0,3.0,4.0
185371,CHANDGUDEWADI,90.0,3.0,3.0,4.0
185422,MORAGON,90.0,3.0,3.0,4.0
185365,AMBI BK.,90.0,3.0,3.0,4.0
186420,JAVALAJUN,78.0,15.0,3.0,4.0
185391,JOGAWADI,90.0,3.0,3.0,4.0
186438,MAWADI KP.,78.0,15.0,3.0,4.0
186443,NAZARE SUPE,77.99,15.0,3.0,4.01
186454,PIMPRI,77.98,15.0,3.0,4.02
186447,PANDESHWAR,78.0,15.0,3.0,4.0
186442,NAYGAON,77.99,15.0,3.0,4.01
186439,MAVDISUPE,77.97,15.0,3.0,4.03
186457,PISRVE,77.91,15.0,3.0,4.09
186401,BHOSALEWADI,77.88,15.0,3.0,4.12
186431,KOTHALE,77.93,15.0,3.0,4.07
186464,RANMALA,77.97,15.0,3.0,4.03
186444,NAZRE K.,77.99,15.0,3.0,4.01
186430,KOLVIHIRE,78.0,15.0,3.0,4.0
,,77.97,15.0,3.0,4.03
186409,DHALEWADI,77.95,15.0,3.0,4.05
186466,SAKURDE,77.91,15.0,3.0,4.09
186451,PARINCHE,77.89,15.0,3.0,4.11
186445,NILUNJ,77.74,15.0,3.0,4.26
186481,VALUNJ,77.6,15.0,3.0,4.4
186398,BELSAR,77.83,15.0,3.0,4.17
186450,PARGOAN,77.53,15.0,3.0,4.47
186426,KHANWADI,77.37,15.0,3.0,4.63
186469,SINGAPUR,76.97,15.0,3.0,5.03
185786,VALTI,76.1,15.0,3.0,5.9
186479,VAGHAPUR,77.18,15.0,3.0,4.82
186461,RAJEWADI,77.71,15.0,3.0,4.29
186473,TEKAWADI,77.91,15.0,3.0,4.09
186394,AMBLE,77.74,15.0,3.0,4.26
185625,DALIMB,89.45,3.0,3.0,4.55
185684,TAMHANWADI,89.81,3.0,3.0,4.19
185619,BORIENDI,89.78,3.0,3.0,4.22
185680,SAHAJPUR,89.79,3.0,3.0,4.21
185621,BORIBHADAK,89.47,3.0,3.0,4.53
185778,URULIKANCHAN,76.9,15.0,3.0,5.1
185768,SHINDAVANE,76.73,15.0,3.0,5.27
,,76.91,15.0,3.0,5.09
185736,KOREGAON MUL,75.88,15.0,3.0,6.12
185709,BIVARI,74.73,15.0,3.0,7.27
185702,ASHTAPUR,76.5,15.0,3.0,5.5
185707,BHAVARAPUR,76.72,15.0,3.0,5.28
298904,TILEKARWADI,77.44,15.0,3.0,4.56
185729,KHAMGAONTEK,77.56,15.0,3.0,4.44
185662,NANDUR,89.81,3.0,3.0,4.19
185624,DAHITNE,89.88,3.0,3.0,4.12
185660,MIRWADI,89.71,3.0,3.0,4.29
185721,HINGANGAON,77.28,15.0,3.0,4.72
185767,SHINDEWADI,77.4,15.0,3.0,4.6
185629,DEVKARWADI,89.85,3.0,3.0,4.15
185764,SANGVI SANDAS,77.77,15.0,3.0,4.23
185753,NHAVI SANDAS,77.46,15.0,3.0,4.54
186500,DHANORE,77.09,15.0,3.0,4.91
185769,SHIRSAVADI,74.87,15.0,3.0,7.13
185759,PIMPRISANDAS,76.54,15.0,3.0,5.46
185710,BURKEGAON,75.78,15.0,3.0,6.22
186498,DAREKARWADI,76.95,15.0,3.0,5.05
186554,SANASWADI,77.06,15.0,3.0,4.94
186512,JETEGAON KH.,77.44,15.0,3.0,4.56
186535,MUKHAI,77.78,15.0,3.0,4.22
186511,JATEGAON BK.,77.79,15.0,3.0,4.21
186557,SHIKRAPUR,77.75,15.0,3.0,4.25
186520,KASARI,77.93,15.0,3.0,4.07
186492,BURUNJWADI,77.97,15.0,3.0,4.03
186528,KONDHAPURI,77.97,15.0,3.0,4.03
186564,TALEGAON DHAMDHERE,77.74,15.0,3.0,4.26
186568,VITTHALWADI,77.86,15.0,3.0,4.14
186562,TAKALI BHIMA,77.96,15.0,3.0,4.04
185683,TAKLI,89.98,3.0,3.0,4.02
185687,VADGAONBANDE,89.99,3.0,3.0,4.01
185669,PANVALI,89.99,3.0,3.0,4.01
186544,PARODI,78.0,15.0,3.0,4.0
186540,NIMGAON MHALUNGE,77.99,15.0,3.0,4.01
186525,KHANDALE,77.99,15.0,3.0,4.01
186516,KARANJAVANE,78.0,15.0,3.0,4.0
186497,DAHIWADI,78.0,15.0,3.0,4.0
186491,BHAMBARDE,78.0,15.0,3.0,4.0
186567,URALGAON,78.0,15.0,3.0,4.0
186483,ALEGAONPAGA,78.0,15.0,3.0,4.0
185688,VALKI,90.0,3.0,3.0,4.0
185652,KOREGAON BHIVAR,90.0,3.0,3.0,4.0
185685,TELEWADI,89.99,3.0,3.0,4.01
185672,PATETHAN,89.93,3.0,3.0,4.07
185674,PILANWADI,89.95,3.0,3.0,4.05
185676,RAHU,89.98,3.0,3.0,4.02
185646,KHAMGAON,89.94,3.0,3.0,4.06
185686,UNDAWADI,89.99,3.0,3.0,4.01
,,90.0,3.0,3.0,4.0
,,89.99,3.0,3.0,4.01
185675,PIMPALGAON,90.0,3.0,3.0,4.0
185627,DELAWADI,90.0,3.0,3.0,4.0
,,90.0,3.0,3.0,4.0
,,90.0,3.0,3.0,4.0
185632,GALANDWADI,90.0,3.0,3.0,4.0
185648,KHOPODI,90.0,3.0,3.0,4.0
185670,PARGAON,90.0,3.0,3.0,4.0
186551,RANJANGAON SANDAS,78.0,15.0,3.0,4.0
186536,NAGARGAON,78.0,15.0,3.0,4.0
186487,ANDHALGAON,78.0,15.0,3.0,4.0
186530,KURULI,78.0,15.0,3.0,4.0
186527,KOLGOAN DOLAS,78.0,15.0,3.0,4.0
186570,WADGAON RASAI,78.0,15.0,3.0,4.0
185663,NANGAON,90.0,3.0,3.0,4.0
185626,DAPODI,90.0,3.0,3.0,4.0
185636,HATVALAN,90.0,3.0,3.0,4.0
186553,SADALGAON,78.0,15.0,3.0,4.0
186532,MANDAVGAN PHARATA,78.0,15.0,3.0,4.0
185641,KANGAON,90.0,3.0,3.0,4.0
186489,BABHULSAR BK.,78.0,15.0,3.0,4.0
,,78.0,15.0,3.0,4.0
186504,GANEGAON DUMALA,78.0,15.0,3.0,4.0
186565,TANDALI,78.0,15.0,3.0,4.0
186509,INAMGOAN,78.0,15.0,3.0,4.0
186547,PIMPALSUTI,78.0,15.0,3.0,4.0
186559,SHIRASGAON KATA,78.0,15.0,3.0,4.0
186495,CHINCHANI,78.0,15.0,3.0,4.0
186558,SHINDODI,78.0,15.0,3.0,4.0
186534,MOTEWADI,78.0,15.0,3.0,4.0
186541,NIMONE,78.0,15.0,3.0,4.0
186507,GUNAT,78.0,15.0,3.0,4.0
186542,NIRVI,78.0,15.0,3.0,4.0
186537,NHAVARE,78.0,15.0,3.0,4.0
186484,AMBALE,78.0,15.0,3.0,4.0
186494,CHAVHANWADI,78.0,15.0,3.0,4.0
186517,KARDE,78.0,15.0,3.0,4.0
186506,GOLEGAON,78.0,15.0,3.0,4.0
,,78.0,15.0,3.0,4.0
186560,SHIRUR GRAMIN,78.0,15.0,3.0,4.0
186572,WADNER KH.,78.0,15.0,3.0,4.0
186552,RAWADEWADI,78.0,15.0,3.0,4.0
186539,NIMGAON DUDE,78.0,15.0,3.0,4.0
186563,TAKALI HAJI,78.0,15.0,3.0,4.0
298906,MHASE BK,78.0,15.0,3.0,4.0
,,78.0,15.0,3.0,4.0
186518,KAREGAON,78.0,15.0,3.0,4.0
186490,BABHULSAR KH.,78.0,15.0,3.0,4.0
186501,DHOKSANGAVI,78.0,15.0,3.0,4.0
186550,RANJANGAON GANPATI,78.0,15.0,3.0,4.0
186548,PIMPRI DUMALA,78.0,15.0,3.0,4.0
186561,SONESANGAVI,78.0,15.0,3.0,4.0
186538,NIMGAON BHOGI,78.0,15.0,3.0,4.0
186485,AMADABAD,78.0,15.0,3.0,4.0
186496,CHINCHOLI MORACHI,77.99,15.0,3.0,4.01
186531,MALTHAN,78.0,15.0,3.0,4.0
186575,WAGHOLE,78.0,15.0,3.0,4.0
186574,WARUDE,77.99,15.0,3.0,4.01
186546,PIMPALEKHALSA,77.92,15.0,3.0,4.08
186508,HIVARE,77.94,15.0,3.0,4.06
186499,DHAMARI,77.91,15.0,3.0,4.09
186526,KHAIRENAGAR,77.97,15.0,3.0,4.03
186514,KANHURMESAI,77.99,15.0,3.0,4.01
185319,MANDALEWADI,77.99,15.0,3.0,4.01
185343,RANMALA,78.0,15.0,3.0,4.0
185304,KHADAKWADI,78.0,15.0,3.0,4.0
185334,PONDEWADI,78.0,15.0,3.0,4.0
186556,SAVINDANE,78.0,15.0,3.0,4.0
186522,KAWATHE,78.0,15.0,3.0,4.0
,,78.0,15.0,3.0,4.0
186493,CHANDOH,78.0,15.0,3.0,4.0
186503,PHAKATE,78.0,15.0,3.0,4.0
298905,SHARADWADI,78.0,15.0,3.0,4.0
186549,PIMPARKHED,78.0,15.0,3.0,4.0
185280,DEVGAON,78.0,15.0,3.0,4.0
185311,LAKHANGAON,78.0,15.0,3.0,4.0
185302,KATHAPUR BK.,78.0,15.0,3.0,4.0
186521,KATHAPUR KH.,78.0,15.0,3.0,4.0
185328,PARGAON T. AWASARI BK.,78.0,15.0,3.0,4.0
185297,JAWALE,78.0,15.0,3.0,4.0
185320,MENGADEWADI,78.0,15.0,3.0,4.0
185296,JARKARWADI,78.0,15.0,3.0,4.0
185314,LONI,77.99,15.0,3.0,4.01
185281,DHAMANI,78.0,15.0,3.0,4.0
185326,PAHAD DARA,78.0,15.0,3.0,4.0
185349,SHIRDALEWADI,77.99,15.0,3.0,4.01
186084,GADAKHWADI,77.98,15.0,3.0,4.02
186067,CHINCHBAIWADI,77.99,15.0,3.0,4.01
186185,WAFGAON,77.94,15.03,3.0,4.03
186095,JAVULKE BK.,77.88,15.11,3.0,4.01
,,77.8,15.2,3.0,4.0
185267,AWASARI BK.,78.0,15.0,3.0,4.0
185325,NIRGUDSAR,78.0,15.0,3.0,4.0
185355,TAWHAREWADI,78.0,15.0,3.0,4.0
185337,PIMPALGAON T. MAHALUNGE,77.8,15.2,3.0,4.0
185268,AWASARI KH.,77.24,15.76,3.0,4.0
185283,DHONDMALA SHINDEWADI,77.52,15.48,3.0,4.0
185283,DHONDMALA SHINDEWADI,77.08,15.92,3.0,4.0
185331,PETH,75.53,17.46,3.0,4.01
185354,TAMBADEMALA,76.1,16.9,3.0,4.0
185346,SHEWALWADI,76.17,16.83,3.0,4.0
185324,NIGHOTWADI,75.21,17.79,3.0,4.0
185358,THUGAON,73.7,19.3,3.0,4.0
186130,MIRAJEWADI,72.44,20.55,3.0,4.01
185271,BHAVADI,73.9,19.09,3.0,4.01
185301,KAREGAON,74.81,18.19,3.0,4.0
186053,BAHIRWADI,73.14,19.84,3.0,4.02
186138,PADALI,73.26,19.69,3.0,4.05
186139,PANGARI,72.49,20.47,3.0,4.04
186116,KOHINKARWADI,73.21,19.7,3.0,4.09
,,74.38,18.54,3.0,4.08
186156,SANDBHORWADI,74.13,18.81,3.0,4.06
186178,WARACHI BHAMBURWADI,74.96,17.95,3.0,4.09
186094,JAIDWADI,75.7,17.26,3.0,4.04
185329,PARGAON T. KHED,77.03,15.95,3.0,4.02
186091,GULANI,76.81,16.1,3.0,4.09
186189,WAKALWADI,77.27,15.6,3.0,4.13
186151,RETWADI,76.15,16.47,3.0,4.38
186110,KHARPUDI BK.,74.7,17.6,3.0,4.7
186096,JAVULKE KH.,75.86,16.95,3.0,4.19
186079,KHALCHI BHAMBURWADI,75.57,17.31,3.0,4.12
186171,TAKALKARWADI,74.7,17.99,3.0,4.31
,,74.59,18.2,3.0,4.21
186147,RAKSHEWADI,74.21,18.54,3.0,4.25
,,73.62,19.16,3.0,4.22
186158,SATKARSTHAL,72.82,20.03,3.0,4.15
186063,CHANDOLI,72.94,19.69,3.0,4.37
186167,SHIROLI,72.51,19.85,3.0,4.64
186127,MANJAREWADI,73.88,18.53,3.0,4.59
186093,HOLEWADI,74.05,18.55,3.0,4.4
186109,KHARPUDI KH.,73.59,18.31,3.0,5.1
186190,WAKI BK.,72.13,19.46,3.0,5.41
186191,WAKI KH.,70.99,19.8,3.0,6.21
,,69.24,20.04,3.0,7.72
186102,KALUS,73.01,17.41,3.0,6.58
186137,NIMGAON,75.56,16.5,3.0,4.94
186072,DAWADI,76.51,15.5,3.0,4.99
186070,CHINCHOSHI,76.68,15.0,3.0,5.32
186100,KANHERSAR,77.73,15.0,3.0,4.27
186090,GOSASI,77.38,15.38,3.0,4.24
186179,WARUDE,77.94,15.0,3.0,4.06
186145,PUR,77.88,15.0,3.0,4.12
,,77.85,15.0,3.0,4.15
,,77.91,15.0,3.0,4.09
186543,PABAL,77.94,15.0,3.0,4.06
,,77.97,15.0,3.0,4.03
185361,WADGAON PIR,77.99,15.0,3.0,4.01
,,77.97,15.0,3.0,4.03
,,77.83,15.0,3.0,4.17
186523,KENDUR,77.59,15.0,3.0,4.41
186545,PIMPALE JAGTAP,76.07,15.0,3.0,5.93
186573,WAJEWADI,75.74,15.0,3.0,6.26
186515,KARANDI,77.21,15.0,3.0,4.79
186058,BAHUL,75.64,15.0,3.0,6.36
186163,SIDDHEGAVHAN,74.25,15.0,3.0,7.75
186488,APTI,72.0,15.0,3.0,10.0
185775,TULAPUR,67.1,15.07,3.0,14.83
185757,PHULGAON,69.6,15.0,3.0,12.4
185784,VADHU KH.,72.26,15.0,3.0,9.74
186571,WADHU BK.,74.84,15.0,3.0,7.16
186529,KOREGAON BHIMA,75.38,15.0,3.0,6.62
186502,DIGRAJWADI*,76.08,15.0,3.0,5.92
185713,DONGARGAON,74.22,15.0,3.0,7.78
185755,PERANE,72.5,15.0,3.0,9.5
185705,BAKORI,70.38,15.0,3.0,11.62
185781,WADEBOLHAI,71.32,15.0,3.0,10.68
185756,PETH,74.43,15.0,3.0,7.57
185751,NAYGAON,72.88,15.0,3.0,9.12
185774,THEUR,68.92,15.0,3.0,13.08
185733,KOLVADI SASHTE,67.63,15.0,3.0,14.37
237299,JAMBHULWADI / KOLEWADI,61.08,15.0,3.0,20.92
185747,MANJARI KH.,51.3,15.06,3.0,30.64
185703,AVHALWADI,50.97,15.16,3.0,30.87
,,45.99,15.48,3.0,35.53
185785,WAGHOLI,55.4,15.16,3.0,26.44
185726,KESNAND,62.91,15.0,3.0,19.09
185741,LONIKAND,67.23,15.0,3.0,14.77
185706,BHAVADI,59.3,15.21,3.0,22.49
185746,MANJARI BK.,41.8,15.53,3.0,39.67
,,30.44,16.51,3.0,50.05
,,18.67,17.6,3.0,60.73
,,10.0,15.78,4.07,70.15
,,15.14,20.0,3.0,61.86
,,23.27,18.85,3.0,54.88
,,27.12,19.81,3.0,50.07
,,41.74,19.85,3.0,35.41
,,51.84,19.85,3.0,25.31
,,48.87,19.4,3.0,28.73
186065,CHARHOLI KH.,59.8,17.76,3.0,19.44
,,43.11,18.17,3.0,35.72
185754,NIRGUDI,51.91,16.79,3.0,28.3
185782,VADGAON-SHINDE,52.25,16.2,3.0,28.55
186087,GOLEGAON,58.75,15.68,3.0,22.57
186128,MARKAL,66.35,15.55,3.0,15.1
186168,SOLU,61.41,16.49,3.0,19.1
186077,DHANORE,57.84,17.21,3.0,21.95
186183,WADGAON GHENAND,67.61,16.8,3.0,12.59
186118,KOYALI T. CHAKAN,71.42,15.45,3.0,10.13
237306,PIMPALGAON T. KHED,74.37,15.64,3.0,6.99
186160,SHELGAON,71.14,16.63,3.0,9.23
186057,BHOSE,69.35,17.7,3.0,9.95
186149,RASE,67.15,18.81,3.0,11.04
,,59.52,18.4,3.0,19.08
186105,KELGAON,59.73,19.24,3.0,18.03
186069,CHIMBALI,57.76,20.43,3.0,18.81
186129,MEDANKARWADI,62.69,20.6,3.0,13.71
186097,KADACHIWADI,66.95,19.61,3.0,10.44
186135,NANEKARWADI,65.45,21.47,3.0,10.08
186124,KURULI,59.81,21.86,3.0,15.33
186132,MOI,56.08,23.34,3.0,17.58
186136,NIGHOJE,60.81,24.12,3.0,12.07
186112,KHALUMBRE,60.12,26.88,3.0,10.0
186276,SUDVADI,44.69,45.0,3.0,7.31
186197,YELWADI,59.24,28.61,3.0,9.15
186157,SANGURDI,57.7,29.51,3.0,9.79
,,56.46,28.53,3.0,12.01
,,56.45,26.74,3.0,13.81
,,53.26,25.98,3.0,17.76
,,46.99,27.03,3.0,22.98
,,52.01,28.16,3.0,16.83
,,46.04,29.08,3.0,21.88
,,36.92,26.67,3.0,33.41
,,41.71,25.75,3.0,29.54
,,30.74,24.1,3.0,42.16
,,48.92,24.06,3.0,24.02
,,45.72,22.1,3.0,29.18
,,47.03,20.99,3.0,28.98
,,26.33,21.98,3.0,48.69
,,10.0,22.19,3.0,64.81
185696,AHIRE,16.02,24.32,3.0,56.66
,,10.0,22.59,4.31,63.1
,,12.13,21.37,3.0,63.5
,,10.0,16.48,10.67,62.85
,,10.0,25.6,5.79,58.61
185696,AHIRE,10.0,19.68,7.58,62.74
186307,BAWDHAN BK.,9.99,31.3,12.41,46.3
,,10.0,34.76,10.32,44.92
186313,BHUGAON,10.0,37.14,13.04,39.82
186379,SUS,10.01,40.15,6.83,43.01
,,10.0,25.6,8.11,56.29
186350,MAHALUNGE,10.0,42.82,5.06,42.12
,,16.99,26.98,4.65,51.38
,,12.68,25.55,4.46,57.31
,,25.36,25.76,3.0,45.88
,,12.55,45.0,3.0,39.45
,,11.43,45.0,3.0,40.57
,,20.2,45.0,3.0,31.8
186356,MARUNJI,26.56,45.0,3.0,25.44
,,34.18,45.0,3.0,17.82
186353,MAN,27.86,45.0,3.0,24.14
186329,HINJAWADI,15.2,45.0,4.16,35.64
186363,NANDE,12.26,45.0,5.99,36.75
186348,LAVALE,12.47,45.0,8.37,34.16
186360,MULKHED,24.59,45.0,5.73,24.68
186318,CHANDE,23.58,45.0,5.02,26.4
186327,GHOTAWADE,33.31,45.0,5.48,16.21
186311,BHARE,27.01,45.0,7.29,20.7
186334,KASARAMBOLI,29.36,45.0,8.47,17.17
186299,AMBADVET,32.63,45.0,8.19,14.18
186322,DARAWALI,34.88,45.0,8.7,11.42
,,35.22,45.0,7.06,12.72
186359,MUGAWADE,37.81,45.0,6.76,10.43
186374,RIHE,39.36,45.0,5.0,10.64
186335,KASARSAI,37.82,45.0,3.0,14.18
186245,KUSGAON P.M.,40.88,45.0,3.0,11.12
186259,PACHANE,40.84,45.0,5.95,8.21
186213,CHANDKHED,42.13,45.0,4.74,8.13
186210,BEBED OHOL,42.59,45.0,6.75,5.66
186218,DHAMANE,43.21,45.0,4.34,7.45
186224,GODUMBRE,42.98,45.0,3.0,9.02
186264,SALUMBRE,41.01,45.0,3.0,10.99
186216,DARUMBRE,40.45,45.0,3.0,11.55
186265,SANGAVADE,36.85,45.0,3.0,15.15
186366,NERE,35.0,45.0,3.0,17.0
186330,JAMBE,31.54,45.0,3.0,20.46
,,26.69,45.0,3.0,25.31
,,50.19,30.57,3.0,16.24
,,52.04,31.77,3.0,13.19
186222,GAHUNJE,40.14,45.0,3.0,11.86
186272,SHIRGAON,42.37,45.0,3.0,9.63
,,45.18,45.0,3.0,6.82
,,54.42,30.35,3.0,12.23
186106,KANHEWADI T. CHAKAN,56.38,30.12,3.0,10.5
186226,INDURI,44.82,45.0,3.0,7.18
186292,WARELE,46.58,45.0,3.0,5.42
,,45.74,45.0,4.26,5.0
186275,SOMATANE,44.5,45.0,3.0,7.5
186260,PARANDVADI,44.19,45.0,4.63,6.18
186287,URSE,43.46,45.0,6.36,5.18
,,44.75,45.0,5.47,4.78
186267,SATE,45.71,45.0,4.8,4.49
186206,AMBI,47.36,45.0,3.0,4.64
186204,AMBALE,47.79,45.0,3.0,4.21
186256,NIGADE,47.93,45.0,3.0,4.07
186229,KALHAT,47.98,45.0,3.0,4.02
186187,WAHAGAON,56.05,36.91,3.0,4.04
186165,SHIVE,58.07,34.83,3.0,4.1
186150,RONDHALWADI,60.35,32.55,3.0,4.1
186140,PAIT,62.45,30.46,3.0,4.09
186104,KARANJVIHIRE,61.86,30.78,3.0,4.36
186254,NAVLAKH UMBRE,47.49,45.0,3.0,4.51
186253,NANOLI T. CHAKAN,46.64,45.0,3.0,5.36
237307,JAMBAWADE,46.05,45.0,3.0,5.95
186277,SUDUMBARE,45.08,45.0,3.0,6.92
186164,SHINDE,62.51,29.21,3.0,5.28
186196,WASULI,63.55,27.79,3.0,5.66
186054,BHAMBOLI,65.15,26.56,3.0,5.29
186194,WARALE,66.2,25.17,3.0,5.63
186159,SAWARDARI,64.0,26.54,3.0,6.46
186126,MHALUNGE,64.31,24.71,3.0,7.98
186108,KHARABWADI,66.47,22.46,3.0,8.07
186060,BIRADWADI,68.35,22.17,3.0,6.48
186152,ROHKAL,69.9,21.25,3.0,5.85
186088,GONAWADI,69.58,22.03,3.0,5.39
186044,AMBETHAN,67.67,23.55,3.0,5.78
186119,KOREGAON KH.,67.54,24.49,3.0,4.97
186064,CHANDUS,69.54,22.99,3.0,4.47
186144,PIMPRI BK.,70.74,21.51,3.0,4.75
186184,WADGAON T. KHED,71.71,21.0,3.0,4.29
186081,DONDE,70.93,21.91,3.0,4.16
186115,KIWLE,68.19,24.49,3.0,4.32
186125,KURKUNDI,66.54,26.2,3.0,4.26
186120,KOREGAON BK.,67.51,24.87,3.0,4.62
186161,SHELU,65.76,26.45,3.0,4.79
186049,AASKHED BK.,65.1,27.49,3.0,4.41
186048,ASKHED KH.,64.29,28.05,3.0,4.66
186075,DHAMANE,63.5,29.23,3.0,4.27
186121,KOYE,64.48,28.34,3.0,4.18
186172,TALAWADE,64.6,28.35,3.0,4.05
186113,KOHINDE BK.,64.83,28.14,3.0,4.03
186085,GARGOTWADI,66.34,26.6,3.0,4.06
186099,KADUS,69.18,23.75,3.0,4.07
186043,AKHARWADI,71.39,21.58,3.0,4.03
186142,PAPALWADI,71.76,21.22,3.0,4.02
186066,CHAS,70.62,22.36,3.0,4.02
186154,SAYGAON,68.28,24.7,3.0,4.02
,,68.85,24.14,3.0,4.01
186107,KANHEWADI BK.,69.89,23.11,3.0,4.0
186131,MOHKAL,69.91,23.08,3.0,4.01
186103,KAMAN,70.75,22.24,3.0,4.01
185309,KURWANDI,71.92,21.08,3.0,4.0
186098,KADADHE,68.77,24.23,3.0,4.0
,,67.13,25.87,3.0,4.0
186180,WETALE,66.73,26.26,3.0,4.01
259681,KOYALI TARF WADA,64.69,28.31,3.0,4.0
186153,SABURDI,64.64,28.35,3.0,4.01
273769,DAREKWADI,65.23,27.77,3.0,4.0
186155,SAKURDI,62.35,30.65,3.0,4.0
186170,SURKUNDI,61.73,31.27,3.0,4.0
186068,CHIKHALGAON,60.23,32.77,3.0,4.0
186101,KALMODI,58.35,34.65,3.0,4.0
186199,YENIYE KH.,58.92,34.08,3.0,4.0
186074,DEVOSHI,60.12,32.88,3.0,4.0
186050,AVDAR,58.3,34.7,3.0,4.0
186188,WAJVANE,60.91,32.09,3.0,4.0
186195,WASHIRE,62.08,30.91,3.0,4.01
,,63.16,29.79,3.0,4.05
186042,AHIRE,59.64,33.33,3.0,4.03
186092,HEDRUJ,59.74,33.25,3.0,4.01
186041,ADGAON,55.63,37.37,3.0,4.0
186141,PALU,57.54,35.45,3.0,4.01
186176,TORANE BK.,58.05,34.92,3.0,4.03
186073,DESHMUKHWADI,55.34,37.64,3.0,4.02
186047,ANAWALE,56.05,36.94,3.0,4.01
186173,TEKWADI,54.46,38.53,3.0,4.01
186117,KOLIYE,52.93,40.06,3.0,4.01
186186,WAGHU,53.1,39.9,3.0,4.0
186169,SUPE,54.02,38.98,3.0,4.0
186051,AWANDHE,52.6,40.4,3.0,4.0
186123,KUDE KH.,56.93,36.07,3.0,4.0
186122,KUDE BK.,55.22,37.78,3.0,4.0
186198,YENIYE BK.,57.25,35.75,3.0,4.0
186086,GHOTAWADI,52.91,40.09,3.0,4.0
186076,DHAMANGOAN KH.,53.31,39.69,3.0,4.0
186162,SHENDURLI,54.46,38.54,3.0,4.0
186080,DHUVOLI,54.07,38.93,3.0,4.0
186166,SHIRGAON,52.99,40.01,3.0,4.0
186134,NAYPHAD,56.68,36.32,3.0,4.0
186114,KHAROSHI,58.28,34.72,3.0,4.0
186078,DEHANE,55.91,37.09,3.0,4.0
186082,EKLAHARE,56.62,36.38,3.0,4.0
186089,GOREGAON,59.94,33.06,3.0,4.0
186174,TIFANWADI,62.66,30.34,3.0,4.0
186192,WALAD,62.05,30.95,3.0,4.0
186052,AWHAT,60.15,32.85,3.0,4.0
185339,POKHARI,58.95,34.05,3.0,4.0
185293,GORHE KH.,60.62,32.38,3.0,4.0
185292,GORHE BK.,62.88,30.12,3.0,4.0
185285,DIMBE KH.,63.07,29.93,3.0,4.0
185307,KOLTAWADE,61.42,31.58,3.0,4.0
185284,DIMBE BK.,62.75,30.25,3.0,4.0
185264,AMBEGAON GAVTHAN,62.34,30.66,3.0,4.0
185341,RAJEWADI,60.27,32.73,3.0,4.0
185298,KALAMB,59.48,33.52,3.0,4.0
185294,JAMBHORI,56.34,36.66,3.0,4.0
185277,CHIKHALI,56.08,36.92,3.0,4.0
185352,TALEGHAR,53.82,39.18,3.0,4.0
185332,PHALODE GROUP,53.38,39.62,3.0,4.0
185310,KUSHIRE BK.,56.57,36.43,3.0,4.0
185266,ASANE,56.99,36.01,3.0,4.0
185359,TIRPAD,53.12,39.88,3.0,4.0
185946,HATVIJ,55.12,37.88,3.0,4.0
185919,BHIVADE BK.,57.72,35.28,3.0,4.0
185920,BHIVADE KH.,58.0,35.0,3.0,4.0
185907,AMBE,58.43,34.57,3.0,4.0
185951,INGALUN,60.41,32.59,3.0,4.0
185909,AMBOLI,59.87,33.13,3.0,4.0
186026,UTCHIL,61.8,31.2,3.0,4.0
185999,PUR,62.14,30.86,3.0,4.0
186016,SONAVALE,62.45,30.55,3.0,4.0
185938,GHANGALDARE,63.38,29.62,3.0,4.0
186017,SUKALVEDHE,61.3,31.7,3.0,4.0
185317,MALIN,59.0,34.0,3.0,4.0
185327,PANCHALE BK.,59.98,33.02,3.0,4.0
185272,BHORGHAR,63.02,29.98,3.0,4.0
185929,DATKHILWADI,67.37,25.63,3.0,4.0
186021,TAMBE,65.98,27.02,3.0,4.0
185949,HIVARE T. MINHER,64.6,28.4,3.0,4.0
186009,SHINDE,64.68,28.32,3.0,4.0
186002,RALEGAN,65.87,27.13,3.0,4.0
186037,VANEWADI,64.89,28.11,3.0,4.0
185932,DHALEWADI T. MINHER,63.68,29.32,3.0,4.0
185926,CHAVAND,64.38,28.62,3.0,4.0
186000,RAJOR,67.84,25.16,3.0,4.0
186024,TEJUR,67.04,25.96,3.0,4.0
186019,SURALE,67.36,25.64,3.0,4.0
185911,APTALE,66.13,26.87,3.0,4.0
185924,BOTARDE,67.47,25.53,3.0,4.0
185984,NIRGUDE,69.92,23.08,3.0,4.0
185962,KHANGAON,68.39,24.61,3.0,4.0
185959,KHAMGAON,70.0,23.0,3.0,4.0
185975,MANIK DOH,69.46,23.54,3.0,4.0
185996,PIMPALGON,72.23,20.77,3.0,4.0
185987,PADALI,71.97,21.03,3.0,4.0
186015,SOMATWADI,71.45,21.55,3.0,4.0
185970,KUSUR,71.51,21.49,3.0,4.0
,,71.4,21.6,3.0,4.0
185918,BELSAR,68.92,24.08,3.0,4.0
186040,YENERE,69.33,23.67,3.0,4.0
185954,KALE,68.22,24.78,3.0,4.0
185925,BUCHAKEWADI,68.97,24.03,3.0,4.0
185991,PARUNDE,70.5,22.5,3.0,4.0
185957,KATEDE,70.84,22.16,3.0,4.0
185928,CHINCHOLI,71.8,21.2,3.0,4.0
185265,AMBODI,70.08,22.92,3.0,4.0
185306,KOLDARA GONWADI,70.82,22.18,3.0,4.0
185287,GANGAPUR KH.,67.65,25.35,3.0,4.0
185300,KANSE,65.97,27.03,3.0,4.0
185335,PHULAWADE,64.8,28.2,3.0,4.0
185316,MAHALUNGE T. GHODA,64.37,28.63,3.0,4.0
185350,SUPEDHAR,64.58,28.42,3.0,4.0
185348,SHINOLI,66.31,26.69,3.0,4.0
185288,GANGAPUR BK.,67.96,25.04,3.0,4.0
185263,AMBEDARA,66.89,26.11,3.0,4.0
185333,PHALADEWADI / UGALEWADI,65.24,27.76,3.0,4.0
186182,WADA,64.27,28.73,3.0,4.0
185353,TALEKARWADI,67.73,25.27,3.0,4.0
185282,DHAKALE,67.76,25.24,3.0,4.0
185345,SAL BABHULWADI,68.39,24.61,3.0,4.0
185336,PIMPALGAON T. GHODA,68.2,24.8,3.0,4.0
185283,DHONDMALA SHINDEWADI,70.07,22.93,3.0,4.0
185299,KALEWADI DAREKARWADI,69.62,23.38,3.0,4.0
185279,CHINCHOLI,71.85,21.15,3.0,4.0
185290,GHODEGAON,71.66,21.34,3.0,4.0
185308,KOLAWADI KOTAMDARA,70.59,22.41,3.0,4.0
185312,PINGALEWADI LANDEWADI,72.65,20.35,3.0,4.0
185278,CHINCHODI,73.83,19.17,3.0,4.0
298895,Walunjwadi,74.98,18.02,3.0,4.0
185360,WADGAON KASHIMBEG,75.34,17.66,3.0,4.0
185276,CHAS,73.83,19.17,3.0,4.0
185323,NARODI,73.4,19.6,3.0,4.0
185291,GIRWALI,72.14,20.86,3.0,4.0
185963,KHILARWADI,73.59,19.41,3.0,4.0
186008,SAVARGAON,74.56,18.44,3.0,4.0
185315,MAHALUNGE PADWAL,74.73,18.27,3.0,4.0
185351,TAKEWADI,76.32,16.68,3.0,4.0
185943,GUNJALWADI,76.29,16.71,3.0,4.0
186038,VARULWADI,77.27,15.73,3.0,4.0
185298,KALAMB,77.12,15.88,3.0,4.0
185322,NANDUR,76.12,16.88,3.0,4.0
185364,VITTHALWADI,76.07,16.93,3.0,4.0
185344,SAKORE,75.37,17.63,3.0,4.0
185318,MANCHAR,76.65,16.35,3.0,4.0
185286,EKLAHARE,76.67,16.33,3.0,4.0
185275,CHANDOLI KH.,77.55,15.45,3.0,4.0
185303,KHADAKI,78.0,15.0,3.0,4.0
185274,CHANDOLI BK.,77.81,15.19,3.0,4.0
185295,JADHAVWADI,78.0,15.0,3.0,4.0
185357,THORANDALE,78.0,15.0,3.0,4.0
185270,BHARADI,78.0,15.0,3.0,4.0
185321,NAGAPUR,78.0,15.0,3.0,4.0
185347,SHINGAVE,78.0,15.0,3.0,4.0
185362,WALATI,78.0,15.0,3.0,4.0
185342,RANJANI,78.0,15.0,3.0,4.0
185964,KHODAD,78.0,15.0,3.0,4.0
186018,SULTANPUR,78.0,15.0,3.0,4.0
186013,SHIROLI T. ALE,78.0,15.0,3.0,4.0
185922,BORI KH.,78.0,15.0,3.0,4.0
186033,VADGAONKANDALI,78.0,15.0,3.0,4.0
185976,MANJARWADI,78.0,15.0,3.0,4.0
185313,LOUKI,77.84,15.16,3.0,4.0
185950,HIVRE T. NARAYANGAON,78.0,15.0,3.0,4.0
185978,NARAYANGAON,77.74,15.26,3.0,4.0
186039,YEDGAON,78.0,15.0,3.0,4.0
185921,BHORWADI,78.0,15.0,3.0,4.0
185956,KANDALI,78.0,15.0,3.0,4.0
185995,PIMPALWANDI,78.0,15.0,3.0,4.0
186036,VADGAON ANAND,78.0,15.0,3.0,4.0
185998,PIMPARIPENDHAR,78.0,15.0,3.0,4.0
185960,KHAMUNDI,78.0,15.0,3.0,4.0
185937,DUMBARWADI,78.0,15.0,3.0,4.0
185955,KALWADI,78.0,15.0,3.0,4.0
186028,UMBRAJ NO.1,77.95,15.05,3.0,4.0
185947,HIVRE BK.,77.6,15.4,3.0,4.0
185935,DHOLWAD,77.83,15.17,3.0,4.0
186025,TIKEKARWADI,77.43,15.57,3.0,4.0
185948,HIVARE KH.,77.1,15.9,3.0,4.0
185979,NETVAD,76.57,16.43,3.0,4.0
186023,TEJEWADI,76.42,16.58,3.0,4.0
186011,SHIROLI KH.,75.7,17.3,3.0,4.0
186012,SHIROLI BK.,75.57,17.43,3.0,4.0
237305,VIGNHAHARNAGAR,76.93,16.07,3.0,4.0
185986,OZHARJUNE,77.29,15.71,3.0,4.0
185934,DHANGARWADI,77.24,15.76,3.0,4.0
185912,ARVI,76.56,16.44,3.0,4.0
185993,PIMPALGAON T.NARAYANGAON,75.68,17.32,3.0,4.0
185969,KURAN,75.8,17.2,3.0,4.0
185931,DHALEWADI HAVELI,76.6,16.4,3.0,4.0
185961,KHANAPUR,74.36,18.64,3.0,4.0
186034,VADGAONSAHANI,74.94,18.06,3.0,4.0
185916,BASTI,74.23,18.77,3.0,4.0
185980,NIMGAON T. MHA,73.54,19.46,3.0,4.0
185981,NIMDARI,73.09,19.91,3.0,4.0
186032,VADAJ,72.43,20.57,3.0,4.0
185933,DHAMNKHEL,73.1,19.9,3.0,4.0
,,73.27,19.73,3.0,4.0
185901,AGAR,73.12,19.88,3.0,4.0
185901,AGAR,74.12,18.88,3.0,4.0
185968,KUMSHET,74.9,18.1,3.0,4.0
,,74.15,18.85,3.0,4.0
185941,GOLEGAON,74.13,18.87,3.0,4.0
185904,ALDARE,73.19,19.81,3.0,4.0
185906,ALME,73.57,19.43,3.0,4.0
185914,BALLALWADI,75.28,17.72,3.0,4.0
,,73.42,19.58,3.0,4.0
185967,KOPARE,73.66,19.34,3.0,4.0
,,74.0,19.0,3.0,4.0
185994,PIMPALGAON JOGA,75.73,17.27,3.0,4.0
185973,MANDAVE,75.84,17.16,3.0,4.0
185927,CHILHEWADI,77.37,15.63,3.0,4.0
185902,AHINAVEWADI,77.56,15.44,3.0,4.0
186027,UDAPUR,76.72,16.28,3.0,4.0
185972,MANDARNE,77.05,15.95,3.0,4.0
185936,DINGORE,75.73,17.27,3.0,4.0
185985,OTUR,77.92,15.08,3.0,4.0
186004,ROHKADI,77.99,15.01,3.0,4.0
185908,AMBEGHAVAN,77.97,15.03,3.0,4.0
186006,SAGNORE,70.98,22.02,3.0,4.0
185965,KHUBI,68.49,24.51,3.0,4.0
185990,PARGOAN T. MADH,68.67,24.33,3.0,4.0
185971,MADH,70.64,22.36,3.0,4.0
185988,PANGRI T. MADH,71.5,21.5,3.0,4.0
185940,GODRE,71.67,21.33,3.0,4.0
185945,HADSAR,68.33,24.67,3.0,4.0
186014,SITEWADI,69.17,23.83,3.0,4.0
186031,UNDEKHADAK,66.62,26.38,3.0,4.0
185961,KHANAPUR,65.38,27.62,3.0,4.0
237304,KHIRE,64.63,28.37,3.0,4.0
185958,KEWADI,65.22,27.78,3.0,4.0
185983,NIMGIRI,65.81,27.19,3.0,4.0
186020,TALERAN,66.25,26.75,3.0,4.0
185930,DEVALE,63.44,29.56,3.0,4.0
185903,ANJNAVALE,61.11,31.89,3.0,4.0
185953,JALVANDI,62.88,30.12,3.0,4.0
185939,GHATGHAR,59.46,33.54,3.0,4.0
185992,PEMDARAWADI,78.0,15.0,3.0,4.0
185910,ANE,78.0,15.0,3.0,4.0
186010,SHINDEWADI,78.0,15.0,3.0,4.0
185977,NALAVANE,78.0,15.0,3.0,4.0
185905,ALE,78.0,15.0,3.0,4.0
,,78.0,15.0,3.0,4.0
185966,KOLWADI,78.0,15.0,3.0,4.0
185923,BORI BK.,78.0,15.0,3.0,4.0
186001,RAJURI,78.0,15.0,3.0,4.0
185944,GUNJALWADI BELHE,78.0,15.0,3.0,4.0
186030,UNCHKHADAKWADI,78.0,15.0,3.0,4.0
185915,BANGARWADI,78.0,15.0,3.0,4.0
185942,GULUNCHWADI,78.0,15.0,3.0,4.0
299369,Zapwadi,78.0,15.0,3.0,4.0
186003,RANMALA,78.0,15.0,3.0,4.0
186005,SAKORI T. BELHA,78.0,15.0,3.0,4.0
185917,BELHE,78.0,15.0,3.0,4.0
186022,TAMBEWADI,78.0,15.0,3.0,4.0
185952,JADHAVWADI,78.0,15.0,3.0,4.0
185982,NIMGAON SAVA,78.0,15.0,3.0,4.0
185989,PARGOAN T. ALE,78.0,15.0,3.0,4.0
185913,AURANGPUR,78.0,15.0,3.0,4.0
185269,BHAGADI,78.0,15.0,3.0,4.0
185997,PIMPRI KAVAL,78.0,15.0,3.0,4.0
185974,MANGALUR,78.0,15.0,3.0,4.0
185810,CHANDGAON,87.86,3.0,5.14,4.0
185647,KHANOTA,90.0,3.0,3.0,4.0
185666,NAYGAON,90.0,3.0,3.0,4.0
185693,VATLUJ,90.0,3.0,3.0,4.0
185659,MALTHAN,90.0,3.0,3.0,4.0
185637,HINGANIBERDI,90.0,3.0,3.0,4.0
185681,SHIRAPUR,90.0,3.0,3.0,4.0
185673,PEDGAON,90.0,3.0,3.0,4.0
185689,VADGAON DAREKAR,90.0,3.0,3.0,4.0
185628,DEULGAONRAJE,90.0,3.0,3.0,4.0
185616,ALEGAON,90.0,3.0,3.0,4.0
185616,ALEGAON,90.0,3.0,3.0,4.0
,,90.0,3.0,3.0,4.0
185650,KHORODI,90.0,3.0,3.0,4.0
185656,LINGALI,90.0,3.0,3.0,4.0
185658,MALADPATAS,90.0,3.0,3.0,4.0
185620,BORIBEL,90.0,3.0,3.0,4.0
185661,NANDADEVI,90.0,3.0,3.0,4.0
185678,RAVANGAON,90.0,3.0,3.0,4.0
185442,SHIRSUPHAL,90.0,3.0,3.0,4.0
185381,GADIKHEL,90.0,3.0,3.0,4.0
185433,PARWADI,90.0,3.0,3.0,4.0
185882,SHETPHALGADHE,90.0,3.0,3.0,4.0
185866,PIMPALE,90.0,3.0,3.0,4.0
185427,NIMBODI,90.0,3.0,3.0,4.0
185645,KHADAKI,90.0,3.0,3.0,4.0
185657,LONARWADI,90.0,3.0,3.0,4.0
185623,CHINCHOLI,90.0,3.0,3.0,4.0
185804,BHIGWAN,90.0,3.0,3.0,4.0
,,90.0,3.0,3.0,4.0
185677,RAJEGAON,90.0,3.0,3.0,4.0
185816,DIKASAL,90.0,3.0,3.0,4.0
185887,TAKRARWADI,90.0,3.0,3.0,4.0
,,90.0,3.0,3.0,4.0
185850,MADANWADI,90.0,3.0,3.0,4.0
185843,KUMBHARGOAN,90.0,3.0,3.0,4.0
185799,BHADALWADI,90.0,3.0,3.0,4.0
185871,PONDWADI,90.0,3.0,3.0,4.0
185792,AKOLE,90.0,3.0,3.0,4.0
185834,KALAS,90.0,3.0,3.0,4.0
185884,SHINDEWADI,90.0,3.0,3.0,4.0
185841,KAZAD,90.0,3.0,3.0,4.0
185857,NIMBODI,90.0,3.0,3.0,4.0
185845,LAKADI,90.0,3.0,3.0,4.0
185860,NIRGUDE,90.0,3.0,3.0,4.0
185853,MHASOBAWADI,90.0,3.0,3.0,4.0
185440,SAVAL,90.0,3.0,3.0,4.0
185386,JAINAKWADI,90.0,3.0,3.0,4.0
185403,KATPHAL,90.0,3.0,3.0,4.0
185383,GOJUBABI,90.0,3.0,3.0,4.0
,,90.0,3.0,3.0,4.0
185456,VANJARWADI,90.0,3.0,3.0,4.0
,,90.0,3.0,3.0,4.0
,,90.0,3.0,3.0,4.0
185436,PIMPALI,90.0,3.0,3.0,4.0
185393,KANHERI,90.0,3.0,3.0,4.0
185397,KATEWADI,90.0,3.0,3.0,4.0
185377,DHEKALWADI,90.0,3.0,3.0,4.0
185891,TAWSHI,90.0,3.0,3.0,4.0
185446,SONGAON,90.0,3.0,3.0,4.0
185460,ZARGADWADI,90.0,3.0,3.0,4.0
185379,DORLEWADI,90.0,3.0,3.0,4.0
185384,GUNWADI,90.0,3.0,3.0,4.0
185429,NIRAVAGAJ,90.0,3.0,3.0,4.0
185420,MEKHALI,90.0,3.0,3.0,4.0
185382,GHADAGEWADI,90.0,3.0,3.0,4.0
185844,KURAVALI,90.0,3.0,3.0,4.0
185828,JAMB,90.0,3.0,3.0,4.0
185852,MANKARWADI,90.0,3.0,3.0,4.0
185893,UDHAT,90.0,3.0,3.0,4.0
,,90.0,3.0,3.0,4.0
185865,PAWARWADI,90.0,3.0,3.0,4.0
259679,SAPKALWADI,90.0,3.0,3.0,4.0
185876,SANSAR,90.0,3.0,3.0,4.0
185826,JACHAKVASTI,90.0,3.0,3.0,4.0
185798,BELAWADI,90.0,3.0,3.0,4.0
185892,THORATWADI,90.0,3.0,3.0,4.0
185847,LASURNE,90.0,3.0,3.0,4.0
185808,BORI,90.0,3.0,3.0,4.0
,,90.0,3.0,3.0,4.0
185801,BHARANEWADI,90.0,3.0,3.0,4.0
,,90.0,3.0,3.0,4.0
185872,RANGOAN,90.0,3.0,3.0,4.0
185870,PITHEWADI,90.0,3.0,3.0,4.0
185811,CHIKHALI,90.0,3.0,3.0,4.0
185833,KALAMB,90.0,3.0,3.0,4.0
185858,NIMSAKHAR,90.0,3.0,3.0,4.0
185859,NIRWANGI,90.0,3.0,3.0,4.0
185878,SARAPHWADI,90.0,3.0,3.0,4.0
185869,PITAKESHWAR,90.0,3.0,3.0,4.0
185820,GHORPADWADI,90.0,3.0,3.0,4.0
185823,GOTANDI,90.0,3.0,3.0,4.0
185831,KACHARWADI N.K.,88.76,3.0,4.24,4.0
185898,VYAHALI,88.95,3.0,4.05,4.0
185881,SHELGOAN,90.0,3.0,3.0,4.0
185824,HAGARWADI,90.0,3.0,3.0,4.0
185885,SHIRSATWADI,90.0,3.0,3.0,4.0
185793,ATHURNE,90.0,3.0,3.0,4.0
185832,KADBANWADI,90.0,3.0,3.0,4.0
185875,RUI,90.0,3.0,3.0,4.0
185814,DALAJ NO.1,90.0,3.0,3.0,4.0
185815,DALAJ NO.3,90.0,3.0,3.0,4.0
185863,PALASDEV,90.0,3.0,3.0,4.0
185848,LONI DEVKAR,87.58,3.0,5.42,4.0
185855,NHAVI,88.77,3.0,4.23,4.0
185892,THORATWADI,90.0,3.0,3.0,4.0
185840,KOUTHALI,86.76,3.0,6.24,4.0
185806,BIJWADI,80.94,3.0,12.06,4.0
185796,BALPUDI,85.77,3.0,7.23,4.0
185803,BHAWADI,87.42,3.0,5.58,4.0
185790,AGOTI NO.2,85.65,3.0,7.35,4.0
185896,WARKUTE BK.,84.31,3.0,8.69,4.0
299397,Karewadi,81.39,3.0,11.61,4.0
185836,KALTHAN NO.1,77.42,3.0,15.58,4.0
185789,AGOTI NO.1,83.88,3.0,9.12,4.0
185835,KALASHI,80.73,3.0,12.27,4.0
185819,GANJEVALAN,82.76,3.0,10.24,4.0
185837,KALTHAN NO.2,73.72,3.0,19.28,4.0
185817,GALANDWADI NO.1,72.53,3.0,20.47,4.0
,,75.03,3.0,17.97,4.0
185889,TARANGWADI,79.18,3.0,13.82,4.0
185856,NIMGAON KETAKI,87.35,3.0,5.65,4.0
185897,WARKUTE KH.,87.61,3.0,5.39,4.0
261946,GAKHOLI,82.59,3.0,10.41,4.0
185900,ZHAGADEWADI,84.18,3.0,8.82,4.0
185839,KATI,88.89,3.0,4.11,4.0
185873,REDA,90.0,3.0,3.0,4.0
185883,SHETPHAL HAVELI,88.11,3.0,4.89,4.0
185886,SURWAD,87.88,3.0,5.12,4.0
185864,PANDHARWADI,85.71,3.0,7.29,4.0
185899,WADAPURI,84.13,3.0,8.87,4.0
185794,AWSARI GROUP,83.69,3.0,9.31,4.0
185800,BHANDGAON,87.07,3.0,5.93,4.0
185795,BABHULGAON,81.45,3.0,11.55,4.0
185802,BHATNIMGAON,84.28,3.0,8.72,4.0
185818,GALANDWADI NO.2,77.41,3.0,15.59,4.0
185877,SARDEWADI,74.91,3.0,18.09,4.0
185825,HINGANGAON,79.47,3.0,13.53,4.0
185880,SHAHA,74.9,3.0,18.1,4.0
185838,KANDALGAON,81.82,3.0,11.18,4.0
185890,TARATGAON,82.45,3.0,10.55,4.0
,,77.8,3.0,15.2,4.0
185791,AJOTI,72.31,3.0,20.69,4.0
185851,MALWADI,70.18,3.0,22.82,4.0
185868,PIMPRI KH.,71.3,3.0,21.7,4.0
185862,PADASATHAL,74.38,3.0,18.62,4.0
185854,NARSINHPUR,90.0,3.0,3.0,4.0
185821,GIRWI,90.0,3.0,3.0,4.0
185888,TANNU,90.0,3.0,3.0,4.0
185867,PIMPARI BK.,90.0,3.0,3.0,4.0
185822,GONDI,90.0,3.0,3.0,4.0
185822,GONDI,90.0,3.0,3.0,4.0
185849,LUMEWADI,90.0,3.0,3.0,4.0
185861,NIRNIMGAON,90.0,3.0,3.0,4.0
185879,SARATI,90.0,3.0,3.0,4.0
185830,KACHARWADI BAWADA,90.0,3.0,3.0,4.0
185797,BAWADA,90.0,3.0,3.0,4.0
185894,WAKILWASTI,88.37,3.0,4.63,4.0
185894,WAKILWASTI,88.75,3.0,4.25,4.0
185805,BHODANI,90.0,3.0,3.0,4.0
185846,LAKHEWADI,90.0,3.0,3.0,4.0
185870,PITHEWADI,90.0,3.0,3.0,4.0
185809,CHAKATI,90.0,3.0,3.0,4.0
185874,REDANI,90.0,3.0,3.0,4.0
185842,KHOROCHI,90.0,3.0,3.0,4.0
185807,BORATWADI,90.0,3.0,3.0,4.0
