gp_code,gp_name,elevation_mean,elevation_std,elevation_min,elevation_max,slope_mean
185338,PIMPARGANE,954.0,64.6,837.7,1089.6,12.23
185262,AHUPE,1009.9,70.9,882.3,1158.9,14.17
185330,PATAN GROUP,985.4,68.1,862.8,1128.5,13.31
185340,RAJPUR,991.7,68.9,867.7,1136.3,13.53
186175,TOKAWADE,997.0,69.5,872.0,1142.9,13.72
186133,MOROSHI,983.4,67.9,861.2,1126.1,13.24
186055,BHOMALE,998.5,69.6,873.2,1144.7,13.77
186055,BHOMALE,1048.9,75.3,913.3,1207.1,15.57
186056,BHORGIRI,1038.3,74.1,904.8,1194.0,15.19
185305,KONDHAWAL,1045.0,74.9,910.2,1202.3,15.43
186310,BHAMBARDE,1219.5,94.7,1049.1,1418.4,22.16
186351,MALE,1191.9,91.5,1027.1,1384.1,21.05
186300,AMBAVANE,1190.8,91.4,1026.2,1382.7,21.0
237308,KURWANDE,1214.8,94.1,1045.3,1412.5,21.97
259817,KUNE NAMA,1193.4,91.7,1028.3,1386.0,21.11
,,1217.7,94.5,1047.7,1416.1,22.09
,,1129.8,84.5,977.7,1307.3,18.61
,,1160.9,88.0,1002.4,1345.8,19.82
186293,WARSOLI,1154.3,87.3,997.2,1337.6,19.56
,,1134.6,85.1,981.5,1313.2,18.8
,,1105.1,81.7,958.0,1276.6,17.67
,,1099.8,81.1,953.8,1270.2,17.47
186293,WARSOLI,1101.0,81.3,954.8,1271.7,17.51
186291,WAKSAI,1077.8,78.6,936.3,1242.9,16.64
186289,WEHERGAON,1055.2,76.1,918.3,1214.9,15.81
186234,KARLA,1040.8,74.4,906.8,1197.0,15.28
186279,TAKAWE KH.,1006.7,70.6,879.7,1154.9,14.06
186269,SHILATANE,1025.1,72.6,894.4,1177.7,14.71
186240,KHANDSHI,1075.6,78.4,934.5,1240.2,16.56
186225,GOVITRI,1025.0,72.6,894.3,1177.5,14.71
186271,SHIRADHE,1085.7,79.5,942.6,1252.7,16.94
186285,UDHEWADI*,1159.8,87.9,1001.5,1344.4,19.78
186268,SAWALA,1109.1,82.2,961.2,1281.7,17.82
186239,KHAND,1104.0,81.6,957.2,1275.4,17.63
186215,DAHULI,1087.3,79.7,943.8,1254.6,17.0
186231,KAMBRE N.M.,1070.0,77.7,930.1,1233.3,16.35
186215,DAHULI,1038.2,74.1,904.7,1193.8,15.18
186227,INGALUN,1010.9,71.0,883.0,1160.0,14.21
186250,MALEGAON BK.,1062.5,76.9,924.1,1223.9,16.07
186193,WANDRE,1037.7,74.1,904.4,1193.3,15.17
186181,VIRHAM,1014.4,71.4,885.8,1164.4,14.33
186111,KHARPUD,1013.8,71.4,885.3,1163.6,14.31
186143,PARSUL,971.1,66.5,851.4,1110.8,12.82
186046,AMBOLI,965.7,65.9,847.0,1104.1,12.63
186045,AMBHU,981.1,67.7,859.3,1123.1,13.16
186236,KASHAL,965.4,65.9,846.8,1103.8,12.62
186083,GADAD,956.6,64.9,839.8,1092.9,12.32
186241,KONDIWADE A.M.,919.4,60.7,810.2,1046.8,11.08
186223,GHONSHET,943.7,63.4,829.6,1076.9,11.89
186212,BHOYARE,937.9,62.8,824.9,1069.7,11.69
186290,WADESHWAR,978.5,67.4,857.2,1119.9,13.07
186246,KUSAVALI,1027.0,72.9,895.9,1180.0,14.78
186286,UKSAN,1021.5,72.2,891.5,1173.2,14.59
186233,KARANJGAON,984.7,68.1,862.2,1127.7,13.29
186255,NANE,949.3,64.0,834.0,1083.8,12.07
186201,ADHALE BK.,973.0,66.7,852.8,1113.1,12.88
186241,KONDIWADE A.M.,965.6,65.9,847.0,1104.0,12.63
186266,SANGISE,1000.6,69.9,874.9,1147.4,13.84
186252,MUDHAWARE,982.1,67.8,860.1,1124.4,13.19
,,962.7,65.6,844.6,1100.3,12.53
186238,KHADKALA C.T.,942.8,63.3,828.9,1075.8,11.86
186232,KANHE,911.7,59.8,804.1,1037.3,10.83
186263,SAI,926.3,61.5,815.7,1055.4,11.31
186280,TAKAWE BK.,897.7,58.2,792.9,1019.9,10.37
259689,Jambhul,878.6,56.0,777.7,996.3,9.76
186267,SATE,884.8,56.7,782.6,1003.9,9.96
,,882.0,56.4,780.4,1000.5,9.87
,,906.2,59.2,799.7,1030.4,10.64
,,921.9,61.0,812.2,1049.9,11.16
186209,BAUR,919.9,60.7,810.6,1047.4,11.09
186274,SHIVANE,897.5,58.2,792.8,1019.7,10.37
186258,OZHARDE,886.2,56.9,783.8,1005.7,10.0
186202,ADHE,872.9,55.4,773.2,989.2,9.58
186201,ADHALE BK.,886.5,56.9,784.0,1006.1,10.01
186200,ADHALE KH.,865.2,54.5,767.0,979.7,9.34
186262,PUSANE,881.0,56.3,779.6,999.2,9.84
186219,DIVAD,902.1,58.7,796.5,1025.4,10.51
186220,DONE,915.0,60.2,806.7,1041.4,10.93
237310,MALVANDI DHORE,918.5,60.6,809.5,1045.7,11.05
186273,SHIVALI,955.5,64.8,838.9,1091.5,12.28
186296,YELGHOL,942.3,63.3,828.4,1075.1,11.84
186257,OWHALE,928.4,61.7,817.3,1057.9,11.37
186248,MALVANDI THULE,962.8,65.6,844.8,1100.5,12.53
186283,TIKONA,984.0,68.0,861.6,1126.8,13.26
186294,WARU,995.2,69.3,870.5,1140.6,13.65
186242,KOTHURNE,980.2,67.6,858.6,1122.1,13.13
186295,YELSE,977.2,67.2,856.2,1118.4,13.03
186228,KADADHE,966.3,66.0,847.5,1104.8,12.65
186282,THUGAON,935.7,62.5,823.1,1066.9,11.62
186235,KARUNJ,947.7,63.9,832.8,1081.9,12.02
186214,CHIKHALSE,925.1,61.3,814.8,1053.9,11.27
186244,KUSGAON KH.,945.2,63.6,830.7,1078.7,11.94
186278,TAJE,978.5,67.4,857.3,1120.0,13.07
186261,PATAN,1011.1,71.1,883.2,1160.3,14.21
,,1031.4,73.4,899.3,1185.4,14.94
186211,BHAJE,1036.6,73.9,903.5,1191.9,15.13
186247,MAHAGAON,999.9,69.8,874.3,1146.4,13.82
237309,LOHGAD,1037.7,74.1,904.3,1193.2,15.17
186217,DEVALE,1054.4,76.0,917.7,1213.9,15.78
186249,MALVALI N.M.,1069.9,77.7,930.0,1233.1,16.35
186221,DONGARGAON,1095.6,80.6,950.5,1264.9,17.31
186208,OUNDHE KH.,1080.7,78.9,938.6,1246.5,16.75
186243,KUSGAON BK.,1121.0,83.5,970.7,1296.4,18.27
,,1123.3,83.8,972.5,1299.2,18.36
,,1165.3,88.5,1005.9,1351.2,19.99
,,1154.1,87.3,997.0,1337.4,19.56
186207,APTI,1117.9,83.2,968.2,1292.5,18.15
,,1138.7,85.5,984.8,1318.3,18.96
186251,MORAVE,1095.2,80.6,950.1,1264.4,17.29
186237,KEWARE,1046.6,75.1,911.5,1204.3,15.49
186284,TUNG,1070.9,77.8,930.8,1234.3,16.38
186251,MORAVE,1068.8,77.6,929.1,1231.7,16.3
186205,AMBEGAON,1039.0,74.2,905.4,1194.9,15.22
,,1013.2,71.3,884.9,1163.0,14.29
186295,YELSE,1014.7,71.5,886.1,1164.8,14.34
186230,KALE COLONY,999.9,69.8,874.3,1146.5,13.82
186281,THAKURSAI,1011.0,71.0,883.1,1160.2,14.21
,,1019.1,72.0,889.5,1170.2,14.5
186203,AJIVALI,1025.6,72.7,894.7,1178.3,14.73
186387,WALEN,1009.2,70.8,881.7,1158.0,14.15
186377,SHEDANI,1049.0,75.4,913.4,1207.3,15.58
186319,CHANDIVALI,1067.4,77.4,928.0,1230.0,16.25
186270,SHILIM,1058.3,76.4,920.8,1218.8,15.92
186347,KUMBHERI,1146.2,86.4,990.7,1327.5,19.25
186306,BARPE,1181.4,90.4,1018.8,1371.2,20.63
186372,POMGAON,1117.5,83.1,967.9,1292.1,18.14
186388,WANDRE,1135.9,85.2,982.5,1314.8,18.85
186351,MALE,1061.9,76.8,923.6,1223.2,16.05
186388,WANDRE,1088.3,79.8,944.6,1255.9,17.03
186386,VALANE,1015.3,71.5,886.5,1165.5,14.36
186361,MULSHI KH.,1013.1,71.3,884.8,1162.7,14.28
186378,SHERE,973.5,66.8,853.3,1113.8,12.9
186331,JAMGAON,985.7,68.2,863.0,1128.9,13.32
186304,ASADE,962.5,65.6,844.5,1100.2,12.52
,,970.6,66.5,850.9,1110.2,12.8
186309,BHADAS BK.,984.4,68.0,861.9,1127.3,13.28
186375,SAMBHAVE,1000.1,69.8,874.5,1146.7,13.83
186342,KOLWAN,978.5,67.4,857.3,1120.0,13.07
186328,HADSHI,998.6,69.6,873.3,1144.9,13.77
,,983.1,67.9,860.9,1125.7,13.23
186305,BHALGUDI,965.1,65.8,846.6,1103.4,12.61
186337,KATARKHADAK,929.9,61.9,818.5,1059.7,11.42
186364,NANGAON,944.7,63.5,830.3,1078.1,11.92
186376,SATHESAI,958.9,65.1,841.6,1095.6,12.4
186345,KULE,922.6,61.0,812.7,1050.8,11.18
186320,CHIKHALGAON,936.4,62.6,823.7,1067.8,11.64
186338,KHAMBOLI,902.8,58.8,797.0,1026.3,10.54
186370,PIMPALOLI,883.7,56.6,781.8,1002.6,9.92
186333,JAVAL,894.5,57.8,790.4,1016.0,10.27
186317,CHALE,912.5,59.9,804.7,1038.3,10.85
186323,DHAKHANE,914.3,60.1,806.1,1040.5,10.91
186365,NANEGAON,942.5,63.3,828.6,1075.4,11.84
186346,KHUBVALI,942.4,63.3,828.5,1075.2,11.84
186298,AKOLE,950.8,64.2,835.2,1085.7,12.13
186302,ANDESHE,958.4,65.1,841.2,1095.0,12.38
186343,KONDHAWALE,940.8,63.1,827.3,1073.3,11.79
186373,RAWADE,929.3,61.8,818.1,1059.1,11.41
186369,PAUD,916.7,60.4,808.1,1043.5,10.99
186321,CHINCHWAD,939.8,63.0,826.5,1072.1,11.75
186308,BELAWADE,945.1,63.6,830.7,1078.6,11.93
186362,MUTHA,951.3,64.3,835.6,1086.3,12.14
186352,MALEGAON,979.5,67.5,858.0,1121.2,13.11
186303,ANDGAON,963.6,65.7,845.4,1101.5,12.56
186339,KHARAWADE,984.1,68.0,861.7,1126.9,13.26
186389,WANJALE,987.5,68.4,864.4,1131.1,13.38
186341,KOLAWADE,998.2,69.6,872.9,1144.4,13.76
186340,KHECHARE,968.7,66.3,849.4,1107.8,12.73
186354,MANDEDE,984.7,68.1,862.2,1127.6,13.29
186361,MULSHI KH.,1039.2,74.2,905.6,1195.1,15.22
186382,TEMGHAR,1050.0,75.5,914.2,1208.5,15.61
186349,LAVHARDE,1020.3,72.1,890.5,1171.7,14.54
186312,BHODE,1031.4,73.4,899.3,1185.4,14.94
186297,ADMAL,1075.7,78.4,934.6,1240.3,16.56
186324,DASAVE,1085.5,79.5,942.4,1252.5,16.93
186368,PATHARSHET,1063.6,77.0,925.0,1225.4,16.12
186368,PATHARSHET,1053.0,75.8,916.5,1212.1,15.72
186618,MOSE BK.,1037.8,74.1,904.5,1193.4,15.17
186357,MOSE KH.,1056.9,76.2,919.7,1217.0,15.87
186357,MOSE KH.,1033.0,73.5,900.6,1187.4,15.0
186391,WATUNDE,1003.5,70.2,877.1,1150.9,13.94
186627,SAIV BK.,1015.8,71.6,887.0,1166.2,14.38
186332,JATEDE,972.8,66.7,852.7,1112.9,12.87
186297,ADMAL,1001.0,69.9,875.2,1147.8,13.86
186645,WARASGAON,1004.6,70.3,878.1,1152.3,13.99
186609,KURAN KH.,1013.6,71.3,885.2,1163.4,14.3
186596,KADAVE,1034.7,73.7,902.0,1189.5,15.06
186641,WADGHAR,1043.3,74.7,908.9,1200.2,15.37
186578,AMBEGAON KH.,1055.9,76.1,918.9,1215.8,15.83
186590,GIVSHI,1064.7,77.1,925.9,1226.7,16.16
,,1067.0,77.4,927.7,1229.5,16.24
186583,BHATTI WAKDARA,1050.6,75.5,914.6,1209.2,15.64
186597,KANAND,1077.6,78.6,936.1,1242.7,16.63
186583,BHATTI WAKDARA,1071.5,77.9,931.3,1235.1,16.41
186637,WELHE KH.,1071.7,77.9,931.4,1235.3,16.41
186604,KOLAMBI,1099.3,81.1,953.4,1269.6,17.45
186621,NIVI GEVHANDE,1091.4,80.2,947.1,1259.7,17.15
186588,GHISAR,1106.6,81.9,959.2,1278.6,17.72
186593,HARPUD,1122.4,83.7,971.8,1298.2,18.33
186614,MANGAON,1123.3,83.8,972.5,1299.2,18.36
186607,KOSHIMGHAR,1115.5,82.9,966.3,1289.6,18.06
186594,HIRPODI,1108.3,82.1,960.6,1280.7,17.79
186630,SHIRKOLI,1090.9,80.1,946.7,1259.1,17.13
186607,KOSHIMGHAR,1085.7,79.5,942.5,1252.6,16.93
186322,DARAWALI,1071.5,77.9,931.2,1235.0,16.41
186582,BALWAD,1099.9,81.1,953.8,1270.2,17.47
186381,TAV,1104.3,81.6,957.4,1275.7,17.64
186324,DASAVE,1141.7,85.9,987.1,1322.0,19.07
186591,GONDEKHAL GROUP,1137.5,85.4,983.8,1316.9,18.91
186636,TEKPOLE GROUP,1150.6,86.9,994.2,1333.0,19.42
186589,GHOL,1175.7,89.7,1014.2,1364.1,20.41
186380,TAMHINI BK.,1164.1,88.4,1005.0,1349.8,19.95
186326,DHAMANHOL,1156.2,87.5,998.7,1340.0,19.64
186315,BHOINI,1103.1,81.5,956.4,1274.2,17.59
186358,MUGAON,1120.4,83.4,970.2,1295.7,18.25
186390,WARAK,1092.6,80.3,948.0,1261.2,17.19
186392,WEGARE,1072.8,78.1,932.3,1236.7,16.46
186385,WADGAON,1060.4,76.6,922.4,1221.4,16.0
,,1080.1,78.9,938.1,1245.7,16.73
186367,NIVE,1135.7,85.2,982.4,1314.6,18.84
186600,KELAD,1092.7,80.3,948.2,1261.4,17.2
186595,JADHAVWADI,1085.4,79.5,942.3,1252.3,16.92
186629,SHENVAD,1077.8,78.6,936.3,1242.9,16.64
186607,KOSHIMGHAR,1068.8,77.6,929.1,1231.8,16.31
185468,ASHIMPI,1012.0,71.2,883.9,1161.4,14.25
185588,SHIRGAON,993.5,69.1,869.2,1138.6,13.59
,,986.1,68.2,863.3,1129.3,13.33
185493,GUDHE GR.,914.5,60.1,806.3,1040.7,10.92
185489,DURGADI,970.1,66.4,850.6,1109.6,12.78
185589,SHIRVALI HIMA,947.0,63.8,832.2,1081.0,12.0
185612,VARAVAND,981.0,67.6,859.2,1123.1,13.16
185501,HIRDOSHI,971.5,66.6,851.7,1111.3,12.83
185557,PARHAR BK.,909.7,59.6,802.5,1034.8,10.76
185483,DAPAKEGHAR,900.5,58.5,795.2,1023.4,10.46
185564,PARHAR KH.,933.6,62.3,821.5,1064.4,11.55
185527,KONDHARI B.K.,947.6,63.9,832.7,1081.8,12.02
185556,NIGUDGHAR,918.2,60.5,809.2,1045.3,11.04
185573,RAYARI,896.2,58.0,791.7,1018.1,10.32
185574,SALAV,897.9,58.2,793.1,1020.2,10.38
185573,RAYARI,880.8,56.3,779.5,999.0,9.83
185528,KORLE,845.2,52.3,751.1,954.9,8.73
185607,VADTUMBI,835.9,51.2,743.8,943.5,8.45
185596,TITEGHAR,821.9,49.6,732.6,926.1,8.03
185538,MHAKOSHI,827.3,50.2,736.9,932.7,8.19
185481,CHIKHALGAON,804.1,47.6,718.4,904.0,7.5
185611,VARODI KH.,770.5,43.8,691.7,862.5,6.55
185463,AAMBADE,766.5,43.3,688.5,857.5,6.44
185560,PALE,789.2,45.9,706.6,885.6,7.08
185609,VARODI BK.,784.6,45.4,702.9,880.0,6.95
185610,VARODI DAYMUKH,776.5,44.5,696.4,869.9,6.72
185572,RAVDI,796.3,46.7,712.2,894.3,7.28
185517,KARNAVAD,806.3,47.9,720.2,906.8,7.57
185547,NAZRE,824.6,49.9,734.7,929.4,8.11
185487,DHAVADI,811.6,48.4,724.4,913.3,7.72
185559,PALSOSHI,800.6,47.2,715.6,899.7,7.4
185553,NERE,792.4,46.3,709.1,889.6,7.17
185500,HATNOSHI,823.7,49.8,734.1,928.4,8.08
185523,KHANAPUR,809.9,48.3,723.1,911.3,7.67
185475,BHABAVADI,831.8,50.7,740.4,938.3,8.32
185469,BAJARWADI,828.0,50.3,737.4,933.6,8.21
,,849.8,52.8,754.8,960.6,8.87
185551,NATAMBI,857.7,53.7,761.1,970.4,9.11
185549,NANDGAON,885.3,56.8,783.1,1004.6,9.98
185579,SANGVI T. BHOR,863.7,54.4,765.9,977.8,9.3
185513,KARANJE,856.7,53.6,760.3,969.2,9.08
185561,PANVHAL,842.7,52.0,749.1,951.8,8.65
185465,AMBAVADE,841.5,51.8,748.2,950.3,8.61
185514,KARI,862.3,54.2,764.8,976.2,9.25
185477,BHAVEKHAL,890.4,57.4,787.2,1011.0,10.14
185466,ANGASULE,874.5,55.6,774.4,991.2,9.63
185467,APTI,901.9,58.7,796.3,1025.2,10.51
185533,MAHUDE BK.,921.5,60.9,811.8,1049.4,11.15
185504,JAYATPAD,955.7,64.8,839.1,1091.8,12.29
185534,MAHUDE KH.,926.9,61.5,816.2,1056.1,11.33
,,912.8,59.9,804.9,1038.6,10.86
185548,NAND,901.5,58.6,795.9,1024.6,10.49
185586,SHIND,901.0,58.6,795.6,1024.1,10.48
185567,PISAVARE,890.9,57.4,787.5,1011.5,10.15
185613,VATHARHIMA,882.0,56.4,780.4,1000.5,9.87
185464,AMBEGHAR,868.8,54.9,769.9,984.2,9.46
185590,SHIRVALI T. BHOR,870.5,55.1,771.3,986.2,9.51
185568,POMBARDI,872.7,55.4,773.1,989.0,9.58
185604,VENAVADI,862.7,54.2,765.0,976.5,9.26
,,850.1,52.8,755.0,961.0,8.88
185478,BHOLAVADE,866.9,54.7,768.4,981.8,9.4
185474,BASARAPUR,877.9,56.0,777.2,995.4,9.74
185471,BARE BK.,897.4,58.2,792.7,1019.6,10.36
185472,BARE KH,887.2,57.0,784.5,1006.9,10.03
299221,KIVAT,878.6,56.0,777.7,996.3,9.76
185490,GAWADI,896.1,58.0,791.6,1017.9,10.32
185539,MHALAVADI,910.8,59.7,803.4,1036.2,10.8
185505,JOGAWADI,920.9,60.8,811.4,1048.6,11.13
185537,MAZGAON,908.4,59.4,801.4,1033.1,10.72
185497,HARNAS,895.4,57.9,791.1,1017.1,10.3
185473,BRAMHANGHAR V.K.,887.0,57.0,784.4,1006.7,10.03
185499,HATVE KH.,908.4,59.4,801.4,1033.2,10.72
185498,HATAVE BK.,899.9,58.5,794.7,1022.6,10.44
185593,TAMBHAD,918.7,60.6,809.7,1046.0,11.05
186631,SONDE HIROJI,930.4,61.9,819.0,1060.5,11.44
186634,SONDE SARPHALA,936.5,62.6,823.8,1068.0,11.64
185511,KARANDI BK.,954.4,64.6,838.1,1090.1,12.25
185606,VADHANE,945.9,63.7,831.3,1079.6,11.96
185491,GORADMHASAVALI,935.0,62.4,822.6,1066.1,11.59
,,924.2,61.2,814.0,1052.7,11.23
185566,PASURE,931.8,62.1,820.0,1062.1,11.49
185570,RAJGHAR,956.2,64.8,839.5,1092.3,12.31
185516,KARANDI KH.,967.7,66.1,848.7,1106.6,12.7
186580,ASANI DAMGUDA,980.9,67.6,859.2,1123.0,13.15
185506,KAMBARE KH.,981.5,67.7,859.6,1123.7,13.17
185531,KURUNJI,994.4,69.2,869.9,1139.6,13.62
186592,GUNJAVANE,1004.4,70.3,877.9,1152.1,13.98
,,1024.5,72.6,893.9,1176.9,14.69
185535,MALE,1012.4,71.2,884.2,1161.9,14.26
185603,VELVAND,969.2,66.3,849.9,1108.5,12.75
185512,KARANJGAON,923.0,61.1,813.0,1051.2,11.19
185540,MHASAR KH.,939.0,62.9,825.8,1071.1,11.73
185541,MHASAR BK.,958.6,65.1,841.4,1095.3,12.39
185485,DEHEN GR.,983.4,67.9,861.1,1126.0,13.24
185563,PANGARI,983.0,67.9,860.8,1125.5,13.23
185576,SALUNGAN,1007.0,70.6,879.9,1155.2,14.07
185585,SHILIMB,1005.9,70.5,879.1,1153.9,14.03
185529,KUMBALE,1046.8,75.1,911.6,1204.5,15.5
185480,BHUTONDE,1027.9,73.0,896.6,1181.1,14.81
185494,GUHINI,1051.9,75.7,915.7,1210.8,15.68
186617,METPILAWARE,1058.9,76.5,921.2,1219.5,15.94
186638,WELHE BK.,1052.5,75.8,916.2,1211.6,15.71
186637,WELHE KH.,1036.5,73.9,903.4,1191.7,15.12
186594,HIRPODI,1031.8,73.4,899.7,1186.0,14.96
186602,KHARIV,1027.9,73.0,896.6,1181.2,14.82
186642,WAJEGHAR,1030.9,73.3,899.0,1184.8,14.92
186624,PAL BK.,1041.8,74.5,907.6,1198.3,15.32
186611,LAVHI BK.,1018.1,71.8,888.8,1169.0,14.46
186616,MERAVANE,1006.4,70.5,879.4,1154.5,14.05
186585,CHIRMODI,992.8,69.0,868.6,1137.7,13.57
186581,ASNI MANJAI,985.9,68.2,863.1,1129.1,13.33
186628,SAKHAR,997.0,69.5,872.0,1142.9,13.72
186639,VINZHAR,979.1,67.4,857.7,1120.7,13.09
186610,LASHIRGAON,999.3,69.7,873.8,1145.8,13.8
186612,MALAVALI,995.1,69.2,870.4,1140.5,13.65
186644,WANJALE,1016.3,71.6,887.3,1166.8,14.4
186587,DAPODE,1007.2,70.6,880.1,1155.5,14.07
186625,RANJANE,991.0,68.8,867.2,1135.5,13.51
185728,KHAMGAON MAVAL,961.2,65.4,843.4,1098.5,12.48
186606,KONDGAON,970.6,66.5,851.0,1110.2,12.8
186601,KHAMGAON,988.7,68.5,865.4,1132.6,13.43
186626,RULE,999.5,69.7,873.9,1145.9,13.8
186577,AMBED,987.5,68.4,864.4,1131.1,13.38
186623,PABE,1021.3,72.2,891.3,1173.0,14.58
186586,DHANEP,1046.4,75.1,911.3,1204.1,15.48
185700,AMBI,1018.2,71.9,888.8,1169.1,14.46
186608,KURAN BK.,995.5,69.3,870.8,1141.0,13.66
185771,SONAPUR,974.8,66.9,854.3,1115.4,12.94
186620,NIGADE MOSE,969.7,66.4,850.3,1109.1,12.77
186622,OSADE,967.6,66.1,848.6,1106.5,12.7
185723,JAMBHALI,979.4,67.5,857.9,1121.0,13.1
186325,DAVAJE,956.6,64.9,839.8,1092.8,12.32
185765,SANGRUN,948.5,64.0,833.4,1082.8,12.05
185704,BAHULI,939.0,62.9,825.8,1071.1,11.73
186344,KONDHUR,973.5,66.8,853.3,1113.8,12.9
,,950.1,64.1,834.6,1084.8,12.1
,,934.8,62.4,822.5,1065.9,11.59
186301,AMBEGAON,929.4,61.8,818.1,1059.2,11.41
186355,MARNEWADI,914.3,60.1,806.2,1040.5,10.91
186384,URAWADE,901.4,58.6,795.9,1024.5,10.49
186316,BOTARWADI,897.7,58.2,792.9,1019.9,10.37
,,935.4,62.5,822.9,1066.6,11.61
185696,AHIRE,889.5,57.3,786.4,1009.8,10.11
186371,PIRANGUT,867.0,54.7,768.5,981.9,9.4
186314,BHUKUM,852.3,53.1,756.8,963.7,8.94
,,869.9,55.1,770.8,985.6,9.49
185737,KUDAJE,885.5,56.8,783.3,1004.9,9.98
185695,AGALAMBE,905.3,59.1,799.0,1029.3,10.62
185695,AGALAMBE,906.1,59.2,799.6,1030.3,10.64
185743,MANDAVI BK.,931.5,62.0,819.8,1061.7,11.48
237300,KHADAKWADI,911.9,59.8,804.2,1037.5,10.83
185744,MANDAVI KH.,923.3,61.1,813.3,1051.6,11.21
185742,MALKHED,940.6,63.1,827.0,1073.0,11.78
185787,VARDADE,956.6,64.9,839.8,1092.9,12.32
185745,MANERWADI,926.4,61.5,815.7,1055.4,11.31
185730,KHANAPUR,916.3,60.3,807.8,1043.0,10.98
185719,GORHE KH.,906.2,59.2,799.7,1030.5,10.65
185714,DONJE,883.4,56.6,781.5,1002.2,9.91
185727,KHADAKWASALA,859.8,53.9,762.7,973.0,9.17
185718,GORHE BK.,878.5,56.0,777.7,996.2,9.76
185752,KOPRE,862.4,54.2,764.8,976.2,9.25
185735,KONDHWE DHAVADE,843.8,52.1,750.0,953.2,8.68
,,819.8,49.4,730.9,923.5,7.96
,,800.1,47.1,715.2,899.1,7.39
185748,NANDED,829.8,50.5,738.9,935.8,8.26
185732,KIRKATWADI,838.5,51.5,745.8,946.7,8.52
185750,NARHE,812.1,48.5,724.8,914.0,7.74
,,808.6,48.1,722.0,909.6,7.64
,,779.4,44.8,698.8,873.5,6.8
,,782.2,45.1,701.0,876.9,6.88
,,779.6,44.8,698.9,873.8,6.81
,,796.6,46.7,712.4,894.7,7.29
237299,JAMBHULWADI / KOLEWADI,824.2,49.9,734.4,929.0,8.1
,,812.4,48.5,725.1,914.4,7.75
,,828.9,50.4,738.2,934.8,8.24
185749,NANDOSHI,860.3,54.0,763.1,973.6,9.19
185583,SASEWADI,859.0,53.8,762.1,972.0,9.15
185733,KOLVADI SASHTE,843.2,52.0,749.6,952.5,8.67
185715,GAUDDARA,878.1,56.0,777.3,995.6,9.75
,,883.5,56.6,781.6,1002.3,9.92
,,884.6,56.7,782.5,1003.7,9.95
185524,KHOPI,906.8,59.2,800.1,1031.2,10.66
,,894.8,57.9,790.6,1016.3,10.28
185532,KUSAGAON,910.9,59.7,803.4,1036.2,10.8
,,905.2,59.1,798.9,1029.2,10.61
185571,RANJE,898.3,58.3,793.4,1020.7,10.39
185701,ARVI,883.8,56.6,781.9,1002.7,9.93
185734,KONDHANPUR,910.4,59.6,803.1,1035.7,10.78
185716,GHERASINHAGAD,921.8,60.9,812.1,1049.8,11.16
185725,KALYAN,940.4,63.0,826.9,1072.7,11.77
295550,WANGANIWADI,939.4,62.9,826.1,1071.6,11.74
185762,RAHATVADE,918.2,60.5,809.2,1045.3,11.04
186619,NIGADE BK.,937.3,62.7,824.4,1068.9,11.67
186613,MANGDARI,948.3,63.9,833.2,1082.6,12.04
186599,KATVADI,954.1,64.6,837.8,1089.8,12.24
186605,KOLWADI,961.3,65.4,843.5,1098.6,12.48
186615,MARGASANI,970.7,66.5,851.0,1110.3,12.8
186603,KODAVADI,967.7,66.1,848.7,1106.6,12.7
186635,SURUVAD,958.8,65.1,841.5,1095.5,12.39
186640,WADGAON ZANJE,953.1,64.5,837.1,1088.6,12.2
186633,SONDE MATHANA,947.1,63.8,832.2,1081.1,12.0
186598,KARANJAVANE,951.5,64.3,835.8,1086.5,12.15
186576,AMBAVANE GROUP,939.3,62.9,826.1,1071.5,11.74
186632,SONDE KARLA,942.6,63.3,828.7,1075.6,11.85
185581,SANGAVI BK.,930.4,61.9,819.0,1060.5,11.44
185526,KOLAVADI,922.6,61.0,812.7,1050.7,11.18
185592,SONAVADI,928.5,61.7,817.5,1058.1,11.38
185565,PARWADI,925.3,61.3,814.9,1054.1,11.27
186584,BORAVALE GROUP,931.2,62.0,819.6,1061.4,11.47
185530,KURUNGVADI,918.8,60.6,809.7,1046.1,11.06
185509,KANJALE,905.5,59.1,799.1,1029.6,10.62
185575,SALAVADE,906.5,59.2,800.0,1030.9,10.66
185503,JAMBHALI,913.2,60.0,805.2,1039.1,10.87
185605,VIRWADI,904.5,59.0,798.3,1028.3,10.59
185536,MALEGAON,898.8,58.3,793.8,1021.2,10.41
185550,NASRAPUR,893.8,57.8,789.8,1015.0,10.24
185552,NAYGAON,892.5,57.6,788.8,1013.5,10.2
185520,KELAWADE,898.1,58.3,793.2,1020.4,10.38
185600,VARVE BK.,897.8,58.2,793.0,1020.1,10.38
,,877.3,55.9,776.7,994.7,9.72
185484,DEGAON,887.8,57.1,785.1,1007.7,10.05
186424,KETKAVALE,863.6,54.3,765.8,977.7,9.29
186405,CHILHEWADI*,853.5,53.2,757.7,965.2,8.98
186460,PURPOKHAR,842.8,52.0,749.2,952.0,8.65
186408,DEWADI,864.8,54.5,766.8,979.2,9.33
185515,KARANDI KHEBA,877.7,55.9,777.0,995.2,9.73
186470,SOMURDI,856.7,53.6,760.3,969.2,9.08
186428,KODIT BK.,835.1,51.1,743.1,942.4,8.42
186429,KODIT KH.,818.4,49.2,729.8,921.8,7.92
186413,GARDE,845.1,52.2,751.1,954.8,8.72
186474,THAPEWADI,861.0,54.0,763.7,974.5,9.21
185601,VARVE KH.,884.6,56.7,782.5,1003.7,9.95
185591,SHIVARE,888.1,57.1,785.3,1008.0,10.06
185519,KASURDI K. B,873.1,55.4,773.4,989.5,9.59
185602,VELU,863.9,54.4,766.0,978.1,9.3
185717,GOGALWADI,842.4,51.9,748.9,951.5,8.64
185587,SHINDEWADI,844.6,52.2,750.7,954.2,8.71
186400,BHIVARI,816.0,48.9,727.9,918.8,7.85
186396,ASKARWADI,814.7,48.8,726.9,917.2,7.81
185780,VADACHIWADI,788.0,45.8,705.6,884.2,7.04
185760,PISOLI,776.6,44.5,696.5,870.0,6.72
,,794.9,46.6,711.1,892.7,7.24
185720,GUJAR-NIMBALKARWADI,806.0,47.8,719.9,906.4,7.56
185708,BHILAREWADI,822.5,49.7,733.1,926.9,8.05
185745,MANERWADI,806.9,47.9,720.6,907.5,7.59
,,791.1,46.1,708.1,888.0,7.13
,,774.2,44.2,694.7,867.1,6.66
,,753.6,41.9,678.3,841.6,6.09
,,740.5,40.4,667.8,825.3,5.74
,,762.2,42.8,685.0,852.1,6.32
237301,OUTADE-HANDEWADI,763.4,43.0,686.0,853.7,6.36
,,712.5,37.2,645.5,790.7,5.02
185766,SHEWALWADI,702.1,36.0,637.2,777.8,4.75
,,710.9,37.0,644.3,788.7,4.97
,,741.4,40.5,668.5,826.5,5.76
185722,HOLKARWADI,768.3,43.5,689.9,859.7,6.49
186402,BOPGAON,799.4,47.1,714.7,898.3,7.37
186404,CHAMBALI,797.3,46.8,713.0,895.7,7.31
186411,DIVE,754.7,42.0,679.1,842.8,6.12
186482,ZENDEWADI,736.9,40.0,665.0,820.9,5.64
185783,VADAKI,746.7,41.1,672.8,833.0,5.9
185724,KADAMWAKVASTI,680.0,33.5,619.6,750.4,4.22
185740,LONIKALBHOR,694.9,35.2,631.5,768.9,4.58
185738,KUJIREWADI,657.8,31.0,602.0,723.0,3.7
185772,SORTAPWADI,641.6,29.2,589.1,702.9,3.35
185697,ALANDI MHATOBA,673.9,32.8,614.8,742.9,4.07
185773,TARDE,656.1,30.8,600.6,720.8,3.67
,,698.2,35.6,634.2,773.0,4.66
186471,SONORI,728.1,39.0,657.9,809.9,5.41
186477,VANPURI,724.8,38.6,655.3,805.8,5.33
186416,GURHOLI,687.4,34.4,625.5,759.6,4.39
186476,UDACHIWADI,706.2,36.5,640.5,782.9,4.86
186432,KUMBHARVALAN,739.1,40.2,666.7,823.6,5.7
186412,YEKHATPUR,724.4,38.6,655.0,805.4,5.32
,,719.0,37.9,650.7,798.7,5.18
186425,KHALAD,745.8,41.0,672.0,831.8,5.88
186403,BORALEWADI,772.6,44.0,693.4,865.1,6.61
186395,AMBODI,754.1,41.9,678.7,842.2,6.1
,,781.6,45.1,700.5,876.2,6.86
186419,HIVARE,792.9,46.3,709.5,890.2,7.18
186399,BHIWADI,823.1,49.8,733.6,927.6,8.06
186472,SUPE KH.,806.4,47.9,720.3,906.9,7.57
186414,GHERA PU.*,838.3,51.5,745.6,946.4,8.52
186397,BAHIRWADI*,834.6,51.1,742.7,941.9,8.41
186449,PANWADI,806.4,47.9,720.3,906.9,7.57
186448,PANGARE,774.7,44.3,695.0,867.7,6.67
186453,PIMPALE,783.9,45.3,702.4,879.1,6.93
186468,SHIVARI,736.7,40.0,664.8,820.6,5.64
186427,KHENGAREWADI,742.8,40.7,669.6,828.2,5.8
,,775.7,44.4,695.8,868.9,6.7
186418,HARGUDE,752.5,41.8,677.4,840.2,6.06
186434,MAHUR,743.3,40.7,670.0,828.8,5.81
,,717.0,37.7,649.1,796.2,5.13
,,686.3,34.3,624.7,758.3,4.37
186478,VIR,683.2,33.9,622.2,754.4,4.29
186475,TONDAL,717.6,37.8,649.5,796.9,5.14
185495,GUNAND,724.7,38.6,655.2,805.7,5.33
185594,TAPREWADI,742.3,40.6,669.3,827.6,5.79
185558,PENJALWADI,757.4,42.3,681.3,846.3,6.19
185546,NHAVI 322,758.6,42.4,682.2,847.8,6.23
185614,VATHAR KH.,734.2,39.7,662.8,817.5,5.57
185562,PANDE,786.2,45.6,704.2,881.9,6.99
185476,BHAMBAVADE,774.9,44.3,695.2,868.0,6.68
185479,BHONGVALI,798.9,47.0,714.3,897.6,7.35
186436,MANDHAR,784.7,45.4,703.0,880.1,6.95
186407,DAVANEWADI,802.9,47.5,717.4,902.5,7.47
186410,DHANKAWADI,812.6,48.6,725.2,914.5,7.75
186422,KALDARI,828.7,50.4,738.0,934.5,8.23
185544,MORWADI,848.4,52.6,753.6,958.8,8.82
185608,WAGAJWADI,835.1,51.1,743.1,942.5,8.42
185584,SAVARDARE,812.7,48.6,725.3,914.7,7.76
185525,KIKVI,839.0,51.6,746.2,947.3,8.54
185486,DHANGAWADI,851.2,52.9,755.9,962.4,8.91
185555,NIGDE,860.1,53.9,763.0,973.4,9.19
185510,KAPURHOL,866.2,54.6,767.8,980.9,9.37
185488,DIVALE,873.0,55.4,773.2,989.3,9.59
185496,HARISHCHANDRI,874.2,55.5,774.2,990.8,9.62
185597,UMBARE,879.6,56.2,778.5,997.5,9.79
185508,KAMTHADI,884.0,56.7,782.0,1003.0,9.93
185578,SANGAVI KH.,893.4,57.7,789.5,1014.6,10.23
185522,KHADKI,887.6,57.1,784.9,1007.5,10.05
185543,MOHARI KH.,875.6,55.7,775.3,992.6,9.67
185542,MOHARI BK.,886.5,56.9,784.0,1006.0,10.01
185554,NAHRE,879.2,56.1,778.2,997.1,9.78
185462,ALANDEWADI,859.4,53.9,762.4,972.5,9.16
185595,TELAVADI,868.3,54.9,769.5,983.5,9.44
185518,KASURDI GUMA,862.1,54.2,764.6,975.9,9.25
185461,ALANDE,846.5,52.4,752.2,956.5,8.77
185502,INGAVALI,835.5,51.2,743.4,942.9,8.43
185577,SANGAMNER,863.3,54.3,765.5,977.3,9.28
185580,SANGAVI HIMA,852.6,53.1,757.0,964.0,8.95
185599,VADGAON DAL,821.0,49.5,731.8,924.9,8.0
185615,YEVALI,846.1,52.4,751.8,956.0,8.75
185598,UTROLI,827.2,50.2,736.8,932.7,8.19
185521,KENJAL,831.2,50.7,740.0,937.6,8.3
185582,SAROLE,817.7,49.1,729.2,920.9,7.9
185569,RAJAPUR,794.8,46.5,711.1,892.6,7.24
185492,GOKAVADI,786.5,45.6,704.4,882.3,7.0
185470,BALAWADI,768.4,43.5,690.0,859.8,6.49
,,661.8,31.5,605.2,727.9,3.8
186437,MANDAKI,642.9,29.3,590.1,704.4,3.37
186417,HARNI,674.2,32.9,615.0,743.3,4.08
,,685.8,34.2,624.2,757.6,4.36
186456,PINGORI,687.7,34.4,625.7,759.9,4.4
,,672.2,32.6,613.4,740.8,4.03
,,630.0,27.9,579.8,688.5,3.1
186406,DOUNDAJ,653.4,30.5,598.5,717.5,3.61
186480,VALHE,622.6,27.0,574.0,679.4,2.95
,,621.2,26.9,572.8,677.6,2.92
186480,VALHE,646.3,29.7,592.9,708.8,3.45
186459,PISURTI,624.1,27.2,575.2,681.3,2.98
186421,JEUOR,615.9,26.3,568.6,671.1,2.81
186455,PIMPARI KH.,602.0,24.7,557.6,653.9,2.54
186415,GULUNCHE,594.4,23.8,551.5,644.5,2.39
185380,GADADARWADI,576.2,21.8,537.1,622.0,2.07
185394,KARANJE,568.3,20.9,530.7,612.2,1.93
185372,CHAUDHARWADI,575.2,21.7,536.3,620.7,2.05
186423,KARNALWADI,592.5,23.6,550.0,642.1,2.36
186463,RAKH,598.9,24.3,555.1,650.1,2.48
186441,NAVLI,597.6,24.2,554.1,648.4,2.45
185421,MODHAVE,570.5,21.1,532.5,614.9,1.97
185424,MURTI,567.0,20.7,529.7,610.6,1.91
259677,MORALWADI,557.3,19.6,522.0,598.5,1.75
185411,MAGARWADI,561.7,20.1,525.5,604.0,1.82
185395,KARNAJPUL,560.1,19.9,524.2,602.0,1.8
185458,VAKI,555.2,19.4,520.3,595.9,1.72
185448,SORTEWADI,556.6,19.5,521.4,597.6,1.74
185425,MURUM,553.3,19.2,518.8,593.5,1.69
185459,WANEWADI,560.4,20.0,524.5,602.4,1.8
185457,VAGHALWADI,563.8,20.4,527.2,606.6,1.86
185400,KHANDOBACHIWADI,571.8,21.3,533.5,616.5,1.99
185428,NIMBUT,576.9,21.8,537.5,622.7,2.08
186414,GHERA PU.*,588.3,23.1,546.7,636.9,2.28
185385,HOL,549.9,18.8,516.1,589.4,1.64
259675,SADOBACHIWADI,546.7,18.4,513.5,585.4,1.59
185405,KORHALE KH.,541.6,17.9,509.5,579.1,1.52
185409,LATE,537.5,17.4,506.2,574.0,1.46
259678,THOPATEWADI,537.1,17.3,505.9,573.5,1.46
185407,KURNEWADI,535.3,17.1,504.5,571.3,1.43
185417,MANPPAWASTI,533.5,16.9,503.0,569.0,1.41
185415,MALWADILONI,536.2,17.2,505.2,572.4,1.44
185444,SHIRASHNE,534.0,17.0,503.4,569.7,1.42
185399,KHANDAJ,525.8,16.2,496.6,560.0,1.33
185412,MALAD,523.5,16.2,494.2,557.6,1.33
185435,PAVANEWADI,525.9,16.2,496.6,560.0,1.33
185443,SHIRAVALI,528.1,16.3,498.7,562.3,1.34
185439,SANGAVI,530.2,16.6,500.4,565.0,1.37
185392,KAMBLESHVAR,532.1,16.8,501.9,567.3,1.39
185378,DHUMALWADI,530.6,16.6,500.7,565.5,1.37
185434,PAWAIMAL,531.0,16.6,501.0,565.9,1.38
185431,PANDARE,531.9,16.7,501.8,567.1,1.39
185447,SONAKASWADI,530.8,16.6,500.9,565.7,1.37
185413,MALEGAON BK.,527.8,16.3,498.5,561.9,1.34
185414,MALEGAON KH.,527.0,16.2,497.7,561.1,1.33
,,523.7,16.2,494.4,557.8,1.33
185419,MEDAD,524.9,16.2,495.6,559.0,1.33
185369,BHARHANPUR,525.9,16.2,496.7,560.1,1.33
185367,ANJANGAON,528.1,16.3,498.7,562.3,1.34
185396,KARHAVAGAJ,529.3,16.4,499.6,563.8,1.35
272754,BHILLARWADI,532.8,16.9,502.5,568.2,1.4
185387,JALGAON,532.8,16.8,502.4,568.1,1.4
185388,JALGAON SUPE,531.0,16.6,501.0,565.9,1.38
,,537.5,17.4,506.2,574.0,1.46
185441,SAYABACHIWADI,537.8,17.4,506.5,574.4,1.47
185376,DHAKALE,534.2,17.0,503.6,569.9,1.42
185406,KORHALE BK,539.1,17.6,507.5,576.0,1.48
185423,MUDHALE,540.1,17.7,508.3,577.2,1.5
185454,VADGAON NI.,544.4,18.2,511.7,582.5,1.56
259676,SASTEWADI,551.8,19.0,517.6,591.7,1.67
185373,CHOPADAJ,550.5,18.9,516.6,590.1,1.65
185430,PALSHIWADI,550.0,18.8,516.2,589.5,1.64
185410,LONIBHAPKAR,543.2,18.0,510.7,581.1,1.54
185418,MASALWADI,550.2,18.8,516.3,589.8,1.64
185451,TARDOLI,551.5,19.0,517.3,591.3,1.66
185368,BABURDI,544.5,18.2,511.8,582.7,1.56
185398,KALKHAIREWADI,547.6,18.5,514.2,586.5,1.61
185370,BHONDVEWADI,552.4,19.1,518.1,592.4,1.68
185408,KUTAVALWADI,552.3,19.1,518.0,592.3,1.68
185455,VADHANE,549.9,18.8,516.1,589.4,1.64
185449,SUPE,543.5,18.1,511.0,581.5,1.55
185374,DANDAWADI,537.5,17.4,506.2,574.0,1.46
185426,NAROLI,535.0,17.1,504.3,571.0,1.43
185432,PANSAREWADI,539.7,17.6,507.9,576.7,1.49
185402,KARAHATI,535.8,17.2,504.9,571.9,1.44
185375,DEULAGAON RASAL,531.5,16.7,501.4,566.6,1.38
185401,KHARKHEL,529.0,16.4,499.5,563.5,1.35
185445,SONVDISUPE,527.7,16.3,498.4,561.9,1.33
185452,UNDAWADI K.P.,524.8,16.2,495.5,558.9,1.33
185390,JARADWADI,524.7,16.2,495.4,558.8,1.33
185438,SABLEWADI,524.4,16.2,495.1,558.5,1.33
185453,UNTWADI SUPE,526.4,16.2,497.1,560.5,1.33
261742,KHARADEWADI,527.6,16.3,498.3,561.8,1.33
185639,JIREGAON,525.4,16.2,496.2,559.5,1.33
185643,KAUTHADI,523.8,16.2,494.5,557.9,1.33
185692,VASUNDE,528.5,16.4,499.1,562.9,1.34
185404,KOLOLI,533.0,16.9,502.6,568.5,1.4
185638,HINGANIWADI,531.2,16.7,501.2,566.2,1.38
185671,PATAS,531.8,16.7,501.7,567.0,1.39
185679,ROTI,529.8,16.5,500.0,564.4,1.36
185668,PANDHAREWADI,527.4,16.2,498.2,561.6,1.33
185653,KURKUMBHA,524.7,16.2,495.4,558.8,1.33
185635,GOPALWADI,523.9,16.2,494.6,558.0,1.33
185634,GIRIM,526.1,16.2,496.9,560.3,1.33
185682,SONWADI,524.2,16.2,494.9,558.3,1.33
185664,NANVIJ,525.4,16.2,496.2,559.6,1.33
185633,GAR,527.4,16.2,498.1,561.5,1.33
,,528.8,16.4,499.3,563.2,1.35
185691,VARVAND,535.7,17.2,504.8,571.8,1.44
185654,KUSEGAON,534.7,17.1,504.0,570.6,1.42
185667,PADAVI,539.6,17.6,507.9,576.6,1.49
185630,DEULGAON GADA,542.7,18.0,510.4,580.5,1.53
185690,VAKHARI,546.3,18.4,513.2,584.9,1.59
185622,BORIPARTHI,540.4,17.7,508.5,577.6,1.5
185644,KEDGAON,544.8,18.2,512.1,583.1,1.57
185651,KHUTBAV,550.8,18.9,516.8,590.5,1.65
185617,BHANDGAON,555.1,19.4,520.2,595.7,1.72
185694,YAVAT,563.1,20.3,526.6,605.7,1.84
185642,KASURDI,575.7,21.7,536.6,621.3,2.06
185618,BHARATGAON,582.7,22.5,542.2,630.0,2.18
186435,MALSHIRAS,582.2,22.5,541.8,629.4,2.17
186452,PONDHE,563.7,20.4,527.1,606.4,1.85
185649,KHOR,553.0,19.1,518.6,593.2,1.69
186458,PISE,560.7,20.0,524.7,602.7,1.81
186462,RAJURI,570.4,21.1,532.4,614.8,1.97
186465,RISE,565.3,20.5,528.3,608.4,1.88
185366,AMBI KH.,568.5,20.9,530.9,612.4,1.93
185371,CHANDGUDEWADI,558.1,19.7,522.6,599.5,1.77
185422,MORAGON,562.4,20.2,526.0,604.8,1.83
185365,AMBI BK.,572.8,21.4,534.3,617.7,2.01
186420,JAVALAJUN,587.8,23.1,546.3,636.3,2.27
185391,JOGAWADI,577.9,22.0,538.4,624.0,2.09
186438,MAWADI KP.,591.0,23.4,548.8,640.2,2.33
186443,NAZARE SUPE,611.1,25.7,564.8,665.1,2.71
186454,PIMPRI,606.3,25.2,561.0,659.2,2.62
186447,PANDESHWAR,583.6,22.6,542.9,631.1,2.19
186442,NAYGAON,587.1,23.0,545.7,635.5,2.26
186439,MAVDISUPE,609.4,25.5,563.5,663.1,2.68
186457,PISRVE,619.6,26.7,571.6,675.7,2.88
186401,BHOSALEWADI,646.1,29.7,592.7,708.5,3.44
186431,KOTHALE,642.7,29.3,589.9,704.2,3.37
186464,RANMALA,632.4,28.1,581.7,691.4,3.15
186444,NAZRE K.,614.1,26.1,567.2,668.9,2.77
186430,KOLVIHIRE,616.1,26.3,568.8,671.3,2.81
,,653.5,30.5,598.6,717.7,3.61
186409,DHALEWADI,650.1,30.1,595.8,713.4,3.53
186466,SAKURDE,696.0,35.4,632.4,770.3,4.6
186451,PARINCHE,714.1,37.4,646.8,792.6,5.05
186445,NILUNJ,701.1,35.9,636.4,776.5,4.73
186481,VALUNJ,714.8,37.5,647.3,793.5,5.07
186398,BELSAR,680.5,33.6,620.1,751.1,4.23
186450,PARGOAN,678.2,33.3,618.2,748.3,4.18
186426,KHANWADI,706.3,36.5,640.6,783.0,4.86
186469,SINGAPUR,679.6,33.5,619.3,749.9,4.21
185786,VALTI,657.4,31.0,601.7,722.4,3.7
186479,VAGHAPUR,655.6,30.8,600.2,720.2,3.65
186461,RAJEWADI,646.1,29.7,592.7,708.5,3.44
186473,TEKAWADI,599.6,24.4,555.6,650.8,2.49
186394,AMBLE,622.9,27.1,574.2,679.7,2.95
185625,DALIMB,619.3,26.7,571.4,675.3,2.88
185684,TAMHANWADI,602.9,24.8,558.3,655.0,2.55
185619,BORIENDI,595.8,24.0,552.6,646.2,2.42
185680,SAHAJPUR,586.7,23.0,545.4,634.9,2.25
185621,BORIBHADAK,604.1,24.9,559.2,656.4,2.58
185778,URULIKANCHAN,610.3,25.6,564.2,664.2,2.7
185768,SHINDAVANE,635.4,28.5,584.1,695.2,3.21
,,628.9,27.7,579.0,687.2,3.08
185736,KOREGAON MUL,617.4,26.4,569.8,672.9,2.84
185709,BIVARI,614.0,26.1,567.1,668.7,2.77
185702,ASHTAPUR,598.0,24.2,554.3,648.8,2.46
185707,BHAVARAPUR,602.0,24.7,557.5,653.8,2.53
298904,TILEKARWADI,595.0,23.9,552.0,645.1,2.4
185729,KHAMGAONTEK,588.6,23.2,546.9,637.3,2.28
185662,NANDUR,581.1,22.3,540.9,628.0,2.15
185624,DAHITNE,572.9,21.4,534.4,617.8,2.01
185660,MIRWADI,580.3,22.2,540.3,627.0,2.14
185721,HINGANGAON,591.4,23.5,549.1,640.7,2.34
185767,SHINDEWADI,585.7,22.9,544.6,633.7,2.23
185629,DEVKARWADI,572.5,21.4,534.1,617.3,2.0
185764,SANGVI SANDAS,575.3,21.7,536.3,620.8,2.05
185753,NHAVI SANDAS,582.6,22.5,542.1,629.8,2.18
186500,DHANORE,587.1,23.0,545.7,635.4,2.26
185769,SHIRSAVADI,605.9,25.1,560.7,658.7,2.61
185759,PIMPRISANDAS,592.9,23.7,550.3,642.6,2.36
185710,BURKEGAON,597.2,24.1,553.7,647.9,2.44
186498,DAREKARWADI,589.0,23.2,547.2,637.7,2.29
186554,SANASWADI,590.4,23.4,548.3,639.5,2.32
186512,JETEGAON KH.,590.5,23.4,548.4,639.6,2.32
186535,MUKHAI,588.7,23.2,547.0,637.4,2.29
186511,JATEGAON BK.,583.3,22.6,542.6,630.7,2.19
186557,SHIKRAPUR,581.2,22.3,541.0,628.1,2.15
186520,KASARI,571.0,21.2,532.8,615.4,1.97
186492,BURUNJWADI,571.8,21.3,533.5,616.5,1.99
186528,KONDHAPURI,567.8,20.8,530.3,611.5,1.92
186564,TALEGAON DHAMDHERE,577.1,21.9,537.7,623.1,2.08
186568,VITTHALWADI,571.4,21.2,533.2,616.0,1.98
186562,TAKALI BHIMA,564.5,20.4,527.7,607.4,1.87
185683,TAKLI,561.2,20.1,525.1,603.4,1.81
185687,VADGAONBANDE,557.7,19.7,522.3,599.0,1.76
185669,PANVALI,555.4,19.4,520.5,596.2,1.72
186544,PARODI,556.4,19.5,521.2,597.3,1.74
186540,NIMGAON MHALUNGE,562.1,20.2,525.8,604.5,1.83
186525,KHANDALE,563.3,20.3,526.8,606.0,1.85
186516,KARANJAVANE,555.4,19.4,520.5,596.2,1.72
186497,DAHIWADI,551.6,19.0,517.4,591.5,1.66
186491,BHAMBARDE,551.6,19.0,517.4,591.4,1.66
186567,URALGAON,548.6,18.6,515.1,587.8,1.62
186483,ALEGAONPAGA,547.2,18.5,514.0,586.1,1.6
185688,VALKI,549.2,18.7,515.5,588.5,1.63
185652,KOREGAON BHIVAR,551.4,19.0,517.3,591.3,1.66
185685,TELEWADI,557.1,19.6,521.8,598.2,1.75
185672,PATETHAN,567.0,20.7,529.7,610.5,1.91
185674,PILANWADI,565.4,20.5,528.4,608.5,1.88
185676,RAHU,558.9,19.8,523.2,600.5,1.78
185646,KHAMGAON,569.7,21.0,531.9,613.9,1.95
185686,UNDAWADI,560.8,20.0,524.8,602.9,1.81
,,553.3,19.2,518.8,593.6,1.69
,,556.2,19.5,521.1,597.2,1.74
185675,PIMPALGAON,553.0,19.1,518.5,593.1,1.69
185627,DELAWADI,548.4,18.6,514.9,587.4,1.62
,,548.3,18.6,514.8,587.4,1.62
,,546.0,18.3,513.0,584.6,1.58
185632,GALANDWADI,546.0,18.3,513.0,584.5,1.58
185648,KHOPODI,539.7,17.6,508.0,576.8,1.49
185670,PARGAON,540.9,17.8,508.9,578.3,1.51
186551,RANJANGAON SANDAS,543.6,18.1,511.0,581.5,1.55
186536,NAGARGAON,538.8,17.5,507.2,575.6,1.48
186487,ANDHALGAON,538.0,17.4,506.6,574.6,1.47
186530,KURULI,534.8,17.1,504.1,570.7,1.43
186527,KOLGOAN DOLAS,534.5,17.0,503.8,570.2,1.42
186570,WADGAON RASAI,533.4,16.9,502.9,568.9,1.41
185663,NANGAON,535.8,17.2,504.9,572.0,1.44
185626,DAPODI,538.1,17.4,506.7,574.7,1.47
185636,HATVALAN,532.7,16.8,502.4,568.1,1.4
186553,SADALGAON,531.8,16.7,501.7,566.9,1.39
186532,MANDAVGAN PHARATA,528.7,16.4,499.2,563.1,1.35
185641,KANGAON,529.9,16.5,500.1,564.5,1.36
186489,BABHULSAR BK.,527.0,16.2,497.7,561.1,1.33
,,523.8,16.2,494.5,557.9,1.33
186504,GANEGAON DUMALA,525.4,16.2,496.1,559.5,1.33
186565,TANDALI,523.8,16.2,494.5,557.9,1.33
186509,INAMGOAN,525.6,16.2,496.3,559.7,1.33
186547,PIMPALSUTI,527.4,16.2,498.1,561.5,1.33
186559,SHIRASGAON KATA,530.9,16.6,501.0,565.9,1.38
186495,CHINCHANI,529.5,16.5,499.8,564.1,1.36
186558,SHINDODI,531.1,16.7,501.1,566.1,1.38
186534,MOTEWADI,537.3,17.4,506.1,573.8,1.46
186541,NIMONE,536.6,17.3,505.5,572.9,1.45
186507,GUNAT,534.4,17.0,503.7,570.1,1.42
186542,NIRVI,535.2,17.1,504.3,571.1,1.43
186537,NHAVARE,540.6,17.7,508.7,577.9,1.51
186484,AMBALE,544.6,18.2,511.9,582.8,1.56
186494,CHAVHANWADI,540.1,17.7,508.3,577.3,1.5
186517,KARDE,544.7,18.2,511.9,582.9,1.56
186506,GOLEGAON,540.4,17.7,508.5,577.6,1.5
,,545.1,18.2,512.2,583.4,1.57
186560,SHIRUR GRAMIN,543.0,18.0,510.6,580.8,1.54
186572,WADNER KH.,561.6,20.1,525.4,603.9,1.82
186552,RAWADEWADI,562.3,20.2,526.0,604.7,1.83
186539,NIMGAON DUDE,559.2,19.8,523.5,600.9,1.78
186563,TAKALI HAJI,555.7,19.5,520.7,596.6,1.73
298906,MHASE BK,550.2,18.8,516.3,589.7,1.64
,,550.3,18.8,516.4,589.9,1.65
186518,KAREGAON,549.7,18.8,515.9,589.1,1.64
186490,BABHULSAR KH.,549.5,18.7,515.8,588.9,1.63
186501,DHOKSANGAVI,554.6,19.3,519.9,595.2,1.71
186550,RANJANGAON GANPATI,557.6,19.7,522.2,598.9,1.76
186548,PIMPRI DUMALA,562.5,20.2,526.1,604.9,1.83
186561,SONESANGAVI,559.3,19.9,523.6,601.0,1.78
186538,NIMGAON BHOGI,554.3,19.3,519.6,594.8,1.71
186485,AMADABAD,556.8,19.6,521.6,597.9,1.75
186496,CHINCHOLI MORACHI,573.1,21.4,534.6,618.1,2.01
186531,MALTHAN,564.1,20.4,527.4,606.9,1.86
186575,WAGHOLE,565.5,20.6,528.5,608.7,1.88
186574,WARUDE,571.6,21.2,533.3,616.2,1.99
186546,PIMPALEKHALSA,579.9,22.2,539.9,626.5,2.13
186508,HIVARE,581.0,22.3,540.8,627.9,2.15
186499,DHAMARI,589.4,23.3,547.6,638.3,2.3
186526,KHAIRENAGAR,588.8,23.2,547.1,637.6,2.29
186514,KANHURMESAI,577.9,22.0,538.4,624.0,2.09
185319,MANDALEWADI,585.8,22.9,544.6,633.8,2.23
185343,RANMALA,588.3,23.1,546.7,636.9,2.28
185304,KHADAKWADI,589.3,23.3,547.5,638.2,2.3
185334,PONDEWADI,585.1,22.8,544.1,632.9,2.22
186556,SAVINDANE,581.2,22.3,541.0,628.1,2.15
186522,KAWATHE,570.9,21.2,532.8,615.4,1.97
,,564.3,20.4,527.5,607.1,1.86
186493,CHANDOH,571.8,21.3,533.5,616.5,1.99
186503,PHAKATE,566.7,20.7,529.4,610.1,1.9
298905,SHARADWADI,566.6,20.7,529.4,610.0,1.9
186549,PIMPARKHED,577.7,21.9,538.2,623.7,2.09
185280,DEVGAON,579.0,22.1,539.3,625.4,2.11
185311,LAKHANGAON,579.1,22.1,539.3,625.5,2.11
185302,KATHAPUR BK.,587.1,23.0,545.7,635.4,2.26
186521,KATHAPUR KH.,583.8,22.6,543.1,631.3,2.2
185328,PARGAON T. AWASARI BK.,595.0,23.9,552.0,645.2,2.4
185297,JAWALE,603.6,24.9,558.9,655.9,2.57
185320,MENGADEWADI,607.9,25.4,562.2,661.1,2.65
185296,JARKARWADI,596.9,24.1,553.5,647.5,2.44
185314,LONI,596.6,24.1,553.3,647.2,2.43
185281,DHAMANI,599.6,24.4,555.7,650.9,2.49
185326,PAHAD DARA,609.2,25.5,563.3,662.8,2.68
185349,SHIRDALEWADI,608.6,25.4,562.8,662.1,2.66
186084,GADAKHWADI,607.6,25.3,562.0,660.8,2.64
186067,CHINCHBAIWADI,613.4,26.0,566.6,668.0,2.76
186185,WAFGAON,622.2,27.0,573.7,678.9,2.94
186095,JAVULKE BK.,625.1,27.3,575.9,682.4,3.0
,,627.9,27.6,578.2,686.0,3.06
185267,AWASARI BK.,619.5,26.7,571.4,675.5,2.88
185325,NIRGUDSAR,607.8,25.3,562.2,661.0,2.65
185355,TAWHAREWADI,621.7,26.9,573.2,678.2,2.93
185337,PIMPALGAON T. MAHALUNGE,628.9,27.7,579.0,687.2,3.08
185268,AWASARI KH.,638.8,28.9,586.9,699.4,3.29
185283,DHONDMALA SHINDEWADI,634.1,28.3,583.1,693.6,3.18
185283,DHONDMALA SHINDEWADI,640.6,29.1,588.2,701.6,3.32
185331,PETH,660.4,31.3,604.0,726.1,3.76
185354,TAMBADEMALA,654.6,30.7,599.4,718.9,3.63
185346,SHEWALWADI,654.3,30.6,599.2,718.6,3.63
185324,NIGHOTWADI,667.6,32.1,609.8,735.1,3.93
185358,THUGAON,686.6,34.3,624.9,758.6,4.37
186130,MIRAJEWADI,700.1,35.8,635.6,775.3,4.7
185271,BHAVADI,682.1,33.8,621.3,753.1,4.27
185301,KAREGAON,671.2,32.5,612.6,739.5,4.01
186053,BAHIRWADI,689.4,34.6,627.2,762.1,4.44
186138,PADALI,684.6,34.1,623.3,756.2,4.33
186139,PANGARI,694.5,35.2,631.2,768.4,4.57
186116,KOHINKARWADI,683.1,33.9,622.1,754.3,4.29
,,669.9,32.4,611.6,738.0,3.98
186156,SANDBHORWADI,673.6,32.8,614.6,742.5,4.07
186178,WARACHI BHAMBURWADI,662.7,31.6,605.9,729.0,3.82
186094,JAIDWADI,655.8,30.8,600.4,720.5,3.66
185329,PARGAON T. KHED,639.6,29.0,587.5,700.4,3.3
186091,GULANI,639.8,29.0,587.7,700.7,3.31
186189,WAKALWADI,632.3,28.1,581.7,691.4,3.15
186151,RETWADI,642.7,29.3,590.0,704.3,3.37
186110,KHARPUDI BK.,654.7,30.7,599.5,719.1,3.63
186096,JAVULKE KH.,649.4,30.1,595.2,712.5,3.52
186079,KHALCHI BHAMBURWADI,654.5,30.6,599.4,718.9,3.63
186171,TAKALKARWADI,660.5,31.3,604.1,726.3,3.77
,,663.7,31.7,606.6,730.2,3.84
186147,RAKSHEWADI,667.0,32.1,609.3,734.4,3.91
,,674.4,32.9,615.2,743.5,4.09
186158,SATKARSTHAL,685.2,34.1,623.8,756.9,4.34
186063,CHANDOLI,678.6,33.4,618.6,748.7,4.19
186167,SHIROLI,678.6,33.4,618.5,748.7,4.19
186127,MANJAREWADI,665.0,31.8,607.7,731.8,3.87
186093,HOLEWADI,666.1,32.0,608.6,733.2,3.89
186109,KHARPUDI KH.,661.4,31.4,604.8,727.4,3.79
186190,WAKI BK.,672.6,32.7,613.8,741.3,4.04
186191,WAKI KH.,674.9,33.0,615.6,744.1,4.1
,,676.2,33.1,616.6,745.7,4.13
186102,KALUS,651.0,30.3,596.6,714.6,3.55
186137,NIMGAON,642.1,29.2,589.4,703.4,3.36
186072,DAWADI,629.4,27.8,579.4,687.8,3.09
186070,CHINCHOSHI,617.1,26.4,569.6,672.6,2.83
186100,KANHERSAR,619.0,26.6,571.1,674.9,2.87
186090,GOSASI,628.3,27.7,578.5,686.4,3.06
186179,WARUDE,616.7,26.4,569.2,672.0,2.82
186145,PUR,611.5,25.8,565.1,665.6,2.72
,,605.5,25.1,560.3,658.2,2.6
,,598.7,24.3,554.9,649.8,2.47
186543,PABAL,602.7,24.8,558.1,654.7,2.55
,,602.9,24.8,558.2,654.9,2.55
185361,WADGAON PIR,590.4,23.4,548.3,639.5,2.32
,,593.7,23.7,550.9,643.5,2.38
,,601.6,24.6,557.2,653.3,2.53
186523,KENDUR,605.9,25.1,560.7,658.7,2.61
186545,PIMPALE JAGTAP,604.1,24.9,559.2,656.4,2.58
186573,WAJEWADI,605.0,25.0,560.0,657.6,2.59
186515,KARANDI,598.8,24.3,555.0,649.9,2.47
186058,BAHUL,615.4,26.2,568.3,670.5,2.8
186163,SIDDHEGAVHAN,615.8,26.3,568.5,670.9,2.81
186488,APTI,618.2,26.5,570.4,673.9,2.86
185775,TULAPUR,627.1,27.5,577.5,685.0,3.04
185757,PHULGAON,620.2,26.8,572.0,676.4,2.9
185784,VADHU KH.,612.4,25.9,565.9,666.8,2.74
186571,WADHU BK.,606.1,25.2,560.8,658.9,2.61
186529,KOREGAON BHIMA,600.6,24.5,556.4,652.1,2.51
186502,DIGRAJWADI*,595.7,24.0,552.6,646.1,2.42
185713,DONGARGAON,604.6,25.0,559.6,657.0,2.58
185755,PERANE,610.1,25.6,564.0,663.9,2.69
185705,BAKORI,616.9,26.4,569.4,672.3,2.83
185781,WADEBOLHAI,620.1,26.7,572.0,676.3,2.89
185756,PETH,627.5,27.6,577.8,685.4,3.05
185751,NAYGAON,629.6,27.8,579.5,688.0,3.09
185774,THEUR,644.3,29.5,591.3,706.3,3.41
185733,KOLVADI SASHTE,634.5,28.4,583.4,694.1,3.19
237299,JAMBHULWADI / KOLEWADI,653.7,30.6,598.7,717.9,3.61
185747,MANJARI KH.,663.5,31.7,606.5,730.0,3.83
185703,AVHALWADI,653.0,30.5,598.1,717.0,3.6
,,657.0,30.9,601.3,721.9,3.69
185785,WAGHOLI,641.8,29.2,589.2,703.1,3.35
185726,KESNAND,635.3,28.5,584.1,695.1,3.21
185741,LONIKAND,622.6,27.0,574.0,679.4,2.95
185706,BHAVADI,636.1,28.6,584.7,696.1,3.23
185746,MANJARI BK.,684.4,34.0,623.2,755.9,4.32
,,676.1,33.1,616.5,745.6,4.13
,,689.0,34.6,626.8,761.6,4.43
,,712.5,37.2,645.5,790.6,5.01
,,695.4,35.3,631.9,769.5,4.59
,,682.3,33.8,621.5,753.3,4.27
,,685.7,34.2,624.2,757.5,4.35
,,679.3,33.5,619.1,749.5,4.2
,,676.0,33.1,616.5,745.5,4.12
,,673.2,32.8,614.2,741.9,4.06
186065,CHARHOLI KH.,656.3,30.8,600.7,721.0,3.67
,,665.9,31.9,608.4,733.0,3.89
185754,NIRGUDI,651.7,30.3,597.1,715.4,3.57
185782,VADGAON-SHINDE,647.6,29.9,593.9,710.3,3.48
186087,GOLEGAON,639.6,28.9,587.4,700.3,3.3
186128,MARKAL,633.5,28.3,582.6,692.8,3.17
186168,SOLU,644.7,29.5,591.6,706.8,3.41
186077,DHANORE,652.3,30.4,597.6,716.1,3.58
186183,WADGAON GHENAND,645.4,29.6,592.1,707.6,3.43
186118,KOYALI T. CHAKAN,629.9,27.9,579.7,688.4,3.1
237306,PIMPALGAON T. KHED,631.2,28.0,580.8,690.1,3.12
186160,SHELGAON,643.0,29.3,590.1,704.6,3.38
186057,BHOSE,653.7,30.6,598.7,717.9,3.61
186149,RASE,664.2,31.7,607.1,730.9,3.85
,,661.8,31.5,605.2,727.9,3.8
186105,KELGAON,669.0,32.3,610.9,736.8,3.96
186069,CHIMBALI,679.6,33.5,619.3,749.9,4.21
186129,MEDANKARWADI,680.5,33.6,620.0,751.0,4.23
186097,KADACHIWADI,671.6,32.6,613.0,740.0,4.02
186135,NANEKARWADI,688.6,34.5,626.5,761.1,4.42
186124,KURULI,691.8,34.9,629.0,765.0,4.5
186132,MOI,705.0,36.4,639.5,781.3,4.83
186136,NIGHOJE,711.9,37.1,645.0,789.9,5.0
186112,KHALUMBRE,737.0,40.0,665.0,821.0,5.65
186276,SUDVADI,759.6,42.6,683.0,848.9,6.25
186197,YELWADI,752.6,41.8,677.4,840.3,6.06
186157,SANGURDI,760.1,42.6,683.4,849.5,6.27
,,750.8,41.6,676.0,838.1,6.01
,,734.8,39.7,663.3,818.3,5.59
,,728.3,39.0,658.1,810.3,5.42
,,739.2,40.2,666.8,823.8,5.71
,,747.9,41.2,673.7,834.5,5.94
,,758.5,42.4,682.1,847.6,6.22
,,740.5,40.4,667.8,825.3,5.74
,,729.7,39.2,659.2,811.9,5.45
,,719.5,38.0,651.1,799.4,5.19
,,712.5,37.2,645.5,790.6,5.01
,,696.5,35.4,632.8,770.8,4.62
,,686.8,34.3,625.0,758.8,4.38
,,703.1,36.1,638.0,779.0,4.78
,,722.0,38.3,653.1,802.4,5.26
185696,AHIRE,731.3,39.3,660.4,813.9,5.5
,,733.4,39.6,662.1,816.5,5.55
,,707.5,36.6,641.5,784.4,4.89
,,777.0,44.5,696.8,870.5,6.73
,,762.2,42.8,685.0,852.1,6.32
185696,AHIRE,764.3,43.1,686.7,854.7,6.38
186307,BAWDHAN BK.,797.7,46.9,713.3,896.1,7.32
,,796.9,46.8,712.7,895.1,7.3
186313,BHUGAON,819.8,49.4,730.9,923.4,7.96
186379,SUS,789.8,46.0,707.0,886.3,7.09
,,781.7,45.1,700.6,876.3,6.86
186350,MAHALUNGE,779.0,44.8,698.5,873.0,6.79
,,760.1,42.6,683.4,849.6,6.27
,,747.1,41.1,673.1,833.5,5.92
,,738.8,40.2,666.4,823.2,5.69
,,747.7,41.2,673.6,834.3,5.93
,,762.2,42.8,685.1,852.2,6.32
,,762.3,42.9,685.2,852.3,6.33
186356,MARUNJI,789.3,45.9,706.6,885.7,7.08
,,808.9,48.1,722.2,910.0,7.64
186353,MAN,812.5,48.6,725.1,914.5,7.75
186329,HINJAWADI,782.4,45.1,701.2,877.2,6.89
186363,NANDE,805.7,47.8,719.7,906.0,7.55
186348,LAVALE,829.4,50.5,738.6,935.4,8.25
186360,MULKHED,838.6,51.5,745.9,946.8,8.53
186318,CHANDE,824.0,49.9,734.3,928.7,8.09
186327,GHOTAWADE,854.0,53.3,758.1,965.8,9.0
186311,BHARE,859.4,53.9,762.4,972.5,9.16
186334,KASARAMBOLI,882.1,56.4,780.5,1000.7,9.87
186299,AMBADVET,890.0,57.3,786.8,1010.4,10.12
186322,DARAWALI,901.6,58.6,796.0,1024.7,10.5
,,880.7,56.3,779.4,998.9,9.83
186359,MUGAWADE,889.0,57.2,786.0,1009.1,10.09
186374,RIHE,867.1,54.7,768.6,982.1,9.4
186335,KASARSAI,823.8,49.8,734.1,928.5,8.08
186245,KUSGAON P.M.,842.8,52.0,749.3,952.0,8.65
186259,PACHANE,861.9,54.1,764.4,975.6,9.24
186213,CHANDKHED,840.1,51.7,747.1,948.6,8.57
186210,BEBED OHOL,857.5,53.6,760.9,970.1,9.1
186218,DHAMANE,824.8,49.9,734.9,929.7,8.11
186224,GODUMBRE,814.6,48.8,726.8,917.1,7.81
186264,SALUMBRE,806.3,47.9,720.2,906.8,7.57
186216,DARUMBRE,814.2,48.7,726.5,916.6,7.8
186265,SANGAVADE,792.1,46.2,708.9,889.3,7.16
186366,NERE,799.0,47.0,714.4,897.7,7.36
186330,JAMBE,783.2,45.2,701.8,878.2,6.91
,,770.6,43.8,691.7,862.5,6.55
,,770.2,43.8,691.5,862.1,6.54
,,780.5,44.9,699.6,874.8,6.83
186222,GAHUNJE,790.4,46.0,707.5,887.1,7.11
186272,SHIRGAON,800.8,47.2,715.8,899.9,7.41
,,802.9,47.5,717.5,902.6,7.47
,,767.1,43.4,689.0,858.3,6.46
186106,KANHEWADI T. CHAKAN,765.2,43.2,687.5,855.9,6.41
186226,INDURI,777.6,44.6,697.4,871.3,6.75
186292,WARELE,811.2,48.4,724.0,912.8,7.71
,,833.0,50.9,741.4,939.8,8.36
186275,SOMATANE,810.8,48.4,723.7,912.3,7.7
186260,PARANDVADI,830.0,50.5,739.0,936.1,8.27
186287,URSE,854.0,53.3,758.2,965.9,9.0
,,851.1,52.9,755.8,962.2,8.91
186267,SATE,852.8,53.1,757.2,964.3,8.96
186206,AMBI,832.8,50.8,741.3,939.6,8.35
186204,AMBALE,854.9,53.4,758.9,967.0,9.02
186256,NIGADE,877.2,55.9,776.6,994.5,9.72
186229,KALHAT,906.8,59.2,800.2,1031.2,10.67
186187,WAHAGAON,872.6,55.4,772.9,988.8,9.57
186165,SHIVE,841.9,51.9,748.5,950.9,8.63
186150,RONDHALWADI,822.8,49.7,733.3,927.2,8.05
186140,PAIT,803.8,47.6,718.2,903.7,7.5
186104,KARANJVIHIRE,791.8,46.2,708.6,888.8,7.15
186254,NAVLAKH UMBRE,807.5,48.0,721.1,908.3,7.6
186253,NANOLI T. CHAKAN,797.1,46.8,712.9,895.4,7.3
237307,JAMBAWADE,773.7,44.2,694.3,866.5,6.64
186277,SUDUMBARE,751.4,41.6,676.5,838.9,6.03
186164,SHINDE,766.2,43.3,688.2,857.1,6.43
186196,WASULI,751.5,41.6,676.6,839.0,6.03
186054,BHAMBOLI,741.9,40.6,669.0,827.1,5.78
186194,WARALE,727.5,38.9,657.5,809.2,5.4
186159,SAWARDARI,737.8,40.1,665.7,822.0,5.67
186126,MHALUNGE,719.1,38.0,650.7,798.8,5.18
186108,KHARABWADI,698.5,35.6,634.3,773.3,4.66
186060,BIRADWADI,697.3,35.5,633.4,771.8,4.64
186152,ROHKAL,689.4,34.6,627.1,762.1,4.44
186088,GONAWADI,698.1,35.6,634.0,772.8,4.65
186044,AMBETHAN,711.7,37.1,644.9,789.7,4.99
186119,KOREGAON KH.,724.0,38.5,654.6,804.8,5.31
186064,CHANDUS,712.8,37.2,645.7,791.0,5.02
186144,PIMPRI BK.,695.3,35.3,631.8,769.3,4.59
186184,WADGAON T. KHED,693.7,35.1,630.6,767.4,4.55
186081,DONDE,706.2,36.5,640.5,782.8,4.86
186115,KIWLE,730.7,39.3,660.0,813.2,5.48
186125,KURKUNDI,749.9,41.5,675.3,837.0,5.99
186120,KOREGAON BK.,730.4,39.2,659.7,812.8,5.47
186161,SHELU,744.3,40.8,670.8,830.0,5.84
186049,AASKHED BK.,759.4,42.5,682.9,848.7,6.25
186048,ASKHED KH.,761.0,42.7,684.1,850.7,6.29
186075,DHAMANE,780.2,44.9,699.4,874.5,6.82
186121,KOYE,775.0,44.3,695.3,868.1,6.68
186172,TALAWADE,786.6,45.6,704.5,882.4,7.0
186113,KOHINDE BK.,790.2,46.0,707.4,886.9,7.11
186085,GARGOTWADI,765.6,43.2,687.8,856.4,6.42
186099,KADUS,731.8,39.4,660.9,814.5,5.51
186043,AKHARWADI,709.1,36.8,642.8,786.4,4.93
186142,PAPALWADI,706.3,36.5,640.6,783.0,4.86
186066,CHAS,721.4,38.2,652.6,801.7,5.24
186154,SAYGAON,750.7,41.5,675.9,838.0,6.01
,,746.6,41.1,672.7,832.9,5.9
186107,KANHEWADI BK.,737.3,40.0,665.2,821.3,5.65
186131,MOHKAL,735.2,39.8,663.6,818.7,5.6
186103,KAMAN,723.3,38.4,654.1,804.0,5.29
185309,KURWANDI,711.4,37.1,644.7,789.3,4.99
186098,KADADHE,753.2,41.8,677.9,841.0,6.08
,,778.8,44.7,698.3,872.7,6.78
186180,WETALE,774.7,44.3,695.0,867.7,6.67
259681,KOYALI TARF WADA,809.0,48.2,722.3,910.1,7.65
186153,SABURDI,802.4,47.4,717.1,902.0,7.46
273769,DAREKWADI,806.9,47.9,720.7,907.6,7.59
186155,SAKURDI,842.6,52.0,749.0,951.7,8.65
186170,SURKUNDI,857.4,53.6,760.9,970.1,9.1
186068,CHIKHALGAON,876.1,55.8,775.7,993.2,9.68
186101,KALMODI,903.3,58.8,797.4,1026.9,10.55
186199,YENIYE KH.,888.8,57.2,785.9,1008.9,10.09
186074,DEVOSHI,870.0,55.1,770.9,985.6,9.49
186050,AVDAR,886.0,56.9,783.6,1005.4,10.0
186188,WAJVANE,855.1,53.4,759.0,967.2,9.03
186195,WASHIRE,835.1,51.1,743.1,942.4,8.42
,,803.4,47.5,717.8,903.1,7.48
186042,AHIRE,842.3,51.9,748.8,951.4,8.64
186092,HEDRUJ,853.9,53.2,758.1,965.7,8.99
186041,ADGAON,911.4,59.8,803.8,1036.9,10.82
186141,PALU,881.5,56.4,780.1,999.9,9.86
186176,TORANE BK.,858.9,53.8,762.0,971.9,9.15
186073,DESHMUKHWADI,888.1,57.1,785.3,1008.1,10.06
186047,ANAWALE,890.3,57.4,787.0,1010.7,10.13
186173,TEKWADI,912.2,59.8,804.4,1037.8,10.84
186117,KOLIYE,921.6,60.9,811.9,1049.5,11.15
186186,WAGHU,933.4,62.2,821.3,1064.1,11.54
186169,SUPE,933.4,62.3,821.4,1064.2,11.54
186051,AWANDHE,957.3,65.0,840.4,1093.7,12.34
186123,KUDE KH.,910.1,59.6,802.8,1035.3,10.77
186122,KUDE BK.,934.3,62.4,822.1,1065.3,11.57
186198,YENIYE BK.,913.4,60.0,805.5,1039.4,10.88
186086,GHOTAWADI,967.1,66.1,848.2,1105.8,12.68
186076,DHAMANGOAN KH.,967.8,66.2,848.8,1106.8,12.7
186162,SHENDURLI,954.2,64.6,837.9,1089.9,12.24
186080,DHUVOLI,962.0,65.5,844.1,1099.5,12.5
186166,SHIRGAON,974.8,66.9,854.3,1115.4,12.94
186134,NAYPHAD,931.0,62.0,819.4,1061.1,11.46
186114,KHAROSHI,909.9,59.6,802.6,1035.0,10.77
186078,DEHANE,939.6,63.0,826.3,1071.8,11.75
186082,EKLAHARE,927.5,61.6,816.7,1056.9,11.35
186089,GOREGAON,884.3,56.7,782.3,1003.4,9.94
186174,TIFANWADI,845.7,52.3,751.5,955.5,8.74
186192,WALAD,857.2,53.6,760.7,969.8,9.1
186052,AWHAT,884.6,56.7,782.5,1003.7,9.95
185339,POKHARI,899.3,58.4,794.2,1021.9,10.42
185293,GORHE KH.,878.4,56.0,777.6,996.1,9.76
185292,GORHE BK.,846.4,52.4,752.1,956.4,8.76
185285,DIMBE KH.,841.8,51.9,748.4,950.8,8.62
185307,KOLTAWADE,861.3,54.1,764.0,974.9,9.22
185284,DIMBE BK.,844.8,52.2,750.8,954.4,8.71
185264,AMBEGAON GAVTHAN,845.9,52.3,751.7,955.8,8.75
185341,RAJEWADI,879.6,56.2,778.6,997.6,9.8
185298,KALAMB,885.9,56.9,783.6,1005.4,9.99
185294,JAMBHORI,926.3,61.4,815.7,1055.3,11.3
185277,CHIKHALI,935.5,62.5,823.0,1066.8,11.61
185352,TALEGHAR,963.4,65.6,845.2,1101.2,12.55
185332,PHALODE GROUP,960.0,65.3,842.5,1097.0,12.43
185310,KUSHIRE BK.,913.6,60.0,805.6,1039.6,10.89
185266,ASANE,894.1,57.8,790.1,1015.5,10.26
185359,TIRPAD,939.4,62.9,826.2,1071.6,11.74
185946,HATVIJ,896.6,58.1,792.1,1018.6,10.34
185919,BHIVADE BK.,860.2,54.0,763.1,973.5,9.19
185920,BHIVADE KH.,864.8,54.5,766.8,979.2,9.33
185907,AMBE,866.5,54.7,768.1,981.3,9.38
185951,INGALUN,839.4,51.6,746.5,947.8,8.55
185909,AMBOLI,832.7,50.8,741.2,939.5,8.35
186026,UTCHIL,816.9,49.0,728.6,919.9,7.88
185999,PUR,805.4,47.8,719.5,905.7,7.54
186016,SONAVALE,816.5,49.0,728.3,919.4,7.87
185938,GHANGALDARE,809.4,48.2,722.6,910.6,7.66
186017,SUKALVEDHE,842.1,51.9,748.7,951.1,8.63
185317,MALIN,872.2,55.3,772.6,988.3,9.56
185327,PANCHALE BK.,872.1,55.3,772.5,988.2,9.56
185272,BHORGHAR,828.1,50.3,737.5,933.7,8.21
185929,DATKHILWADI,767.7,43.5,689.5,859.0,6.48
186021,TAMBE,782.1,45.1,700.9,876.8,6.88
185949,HIVARE T. MINHER,797.8,46.9,713.4,896.3,7.32
186009,SHINDE,789.2,45.9,706.6,885.6,7.08
186002,RALEGAN,776.2,44.4,696.2,869.5,6.71
186037,VANEWADI,782.3,45.1,701.1,877.0,6.88
185932,DHALEWADI T. MINHER,796.5,46.7,712.3,894.6,7.28
185926,CHAVAND,780.7,44.9,699.8,875.1,6.84
186000,RAJOR,738.8,40.2,666.5,823.3,5.7
186024,TEJUR,752.5,41.7,677.3,840.1,6.06
186019,SURALE,753.8,41.9,678.4,841.8,6.09
185911,APTALE,767.9,43.5,689.6,859.2,6.48
185924,BOTARDE,757.2,42.3,681.1,846.0,6.19
185984,NIRGUDE,725.2,38.7,655.6,806.4,5.34
185962,KHANGAON,741.7,40.5,668.8,826.9,5.77
185959,KHAMGAON,715.1,37.5,647.6,793.9,5.08
185975,MANIK DOH,726.2,38.8,656.4,807.6,5.36
185996,PIMPALGON,692.6,35.0,629.7,766.0,4.52
185987,PADALI,698.6,35.6,634.5,773.5,4.67
186015,SOMATWADI,706.4,36.5,640.7,783.2,4.86
185970,KUSUR,708.9,36.8,642.6,786.2,4.92
,,712.6,37.2,645.6,790.8,5.02
185918,BELSAR,740.2,40.4,667.5,824.9,5.73
186040,YENERE,738.3,40.1,666.0,822.5,5.68
185954,KALE,754.0,41.9,678.6,842.1,6.1
185925,BUCHAKEWADI,748.8,41.3,674.4,835.6,5.96
185991,PARUNDE,728.3,39.0,658.1,810.2,5.42
185957,KATEDE,721.0,38.2,652.3,801.2,5.23
185928,CHINCHOLI,712.3,37.2,645.3,790.4,5.01
185265,AMBODI,738.6,40.2,666.3,822.9,5.69
185306,KOLDARA GONWADI,730.0,39.2,659.5,812.4,5.46
185287,GANGAPUR KH.,770.6,43.8,691.8,862.6,6.56
185300,KANSE,797.7,46.9,713.3,896.1,7.32
185335,PHULAWADE,809.8,48.2,723.0,911.1,7.67
185316,MAHALUNGE T. GHODA,821.6,49.6,732.4,925.7,8.02
185350,SUPEDHAR,820.1,49.4,731.1,923.8,7.97
185348,SHINOLI,795.6,46.6,711.6,893.5,7.26
185288,GANGAPUR BK.,770.1,43.7,691.4,862.0,6.54
185263,AMBEDARA,787.4,45.7,705.1,883.4,7.03
185333,PHALADEWADI / UGALEWADI,812.0,48.5,724.7,913.9,7.74
186182,WADA,823.9,49.8,734.2,928.5,8.08
185353,TALEKARWADI,774.7,44.3,695.0,867.6,6.67
185282,DHAKALE,773.0,44.1,693.7,865.6,6.62
185345,SAL BABHULWADI,765.3,43.2,687.5,856.0,6.41
185336,PIMPALGAON T. GHODA,768.3,43.5,689.9,859.7,6.49
185283,DHONDMALA SHINDEWADI,741.0,40.5,668.2,826.0,5.75
185299,KALEWADI DAREKARWADI,747.5,41.2,673.4,834.0,5.93
185279,CHINCHOLI,715.6,37.6,647.9,794.4,5.09
185290,GHODEGAON,718.2,37.9,650.0,797.7,5.16
185308,KOLAWADI KOTAMDARA,732.3,39.5,661.2,815.1,5.52
185312,PINGALEWADI LANDEWADI,703.8,36.2,638.6,779.9,4.8
185278,CHINCHODI,687.1,34.3,625.3,759.2,4.39
298895,Walunjwadi,671.3,32.5,612.7,739.6,4.01
185360,WADGAON KASHIMBEG,667.0,32.1,609.3,734.3,3.91
185276,CHAS,688.0,34.4,626.0,760.3,4.41
185323,NARODI,693.9,35.1,630.7,767.7,4.55
185291,GIRWALI,710.5,37.0,643.9,788.1,4.96
185963,KHILARWADI,689.3,34.6,627.1,762.0,4.44
186008,SAVARGAON,675.8,33.1,616.3,745.2,4.12
185315,MAHALUNGE PADWAL,675.2,33.0,615.8,744.5,4.11
185351,TAKEWADI,653.4,30.5,598.4,717.5,3.6
185943,GUNJALWADI,652.7,30.4,597.9,716.6,3.59
186038,VARULWADI,638.7,28.8,586.7,699.2,3.28
185298,KALAMB,641.6,29.2,589.0,702.8,3.35
185322,NANDUR,656.3,30.9,600.8,721.1,3.67
185364,VITTHALWADI,657.1,30.9,601.4,722.0,3.69
185344,SAKORE,666.8,32.0,609.1,734.1,3.91
185318,MANCHAR,648.2,29.9,594.3,711.0,3.49
185286,EKLAHARE,648.3,29.9,594.4,711.2,3.49
185275,CHANDOLI KH.,634.1,28.3,583.1,693.6,3.18
185303,KHADAKI,620.1,26.7,572.0,676.3,2.89
185274,CHANDOLI BK.,629.1,27.8,579.1,687.4,3.08
185295,JADHAVWADI,612.1,25.8,565.6,666.4,2.73
185357,THORANDALE,614.1,26.1,567.2,668.8,2.77
185270,BHARADI,611.6,25.8,565.2,665.7,2.72
185321,NAGAPUR,603.1,24.8,558.5,655.3,2.56
185347,SHINGAVE,590.7,23.4,548.5,639.8,2.32
185362,WALATI,593.1,23.7,550.5,642.9,2.37
185342,RANJANI,602.7,24.8,558.1,654.7,2.55
185964,KHODAD,605.4,25.1,560.3,658.1,2.6
186018,SULTANPUR,590.5,23.4,548.4,639.6,2.32
186013,SHIROLI T. ALE,593.4,23.7,550.7,643.2,2.37
185922,BORI KH.,595.1,23.9,552.1,645.4,2.41
186033,VADGAONKANDALI,601.1,24.6,556.9,652.8,2.52
185976,MANJARWADI,614.9,26.2,567.8,669.8,2.79
185313,LOUKI,628.5,27.7,578.6,686.6,3.07
185950,HIVRE T. NARAYANGAON,620.1,26.7,572.0,676.3,2.89
185978,NARAYANGAON,629.7,27.8,579.6,688.2,3.09
186039,YEDGAON,621.3,26.9,572.9,677.8,2.92
185921,BHORWADI,617.4,26.4,569.8,672.9,2.84
185956,KANDALI,606.5,25.2,561.1,659.4,2.62
185995,PIMPALWANDI,599.3,24.4,555.4,650.5,2.48
186036,VADGAON ANAND,590.4,23.4,548.3,639.5,2.32
185998,PIMPARIPENDHAR,601.0,24.6,556.7,652.6,2.52
185960,KHAMUNDI,609.3,25.5,563.4,662.9,2.68
185937,DUMBARWADI,617.2,26.4,569.6,672.6,2.83
185955,KALWADI,611.0,25.7,564.7,665.0,2.71
186028,UMBRAJ NO.1,623.2,27.1,574.4,680.1,2.96
185947,HIVRE BK.,630.4,27.9,580.2,689.0,3.11
185935,DHOLWAD,625.5,27.4,576.3,683.0,3.01
186025,TIKEKARWADI,631.9,28.1,581.4,690.9,3.14
185948,HIVARE KH.,637.2,28.7,585.6,697.4,3.25
185979,NETVAD,643.3,29.4,590.4,705.0,3.38
186023,TEJEWADI,646.9,29.8,593.3,709.4,3.46
186011,SHIROLI KH.,655.1,30.7,599.8,719.6,3.64
186012,SHIROLI BK.,658.6,31.1,602.6,723.9,3.72
237305,VIGNHAHARNAGAR,640.5,29.1,588.2,701.6,3.32
185986,OZHARJUNE,635.8,28.5,584.5,695.7,3.22
185934,DHANGARWADI,637.5,28.7,585.8,697.8,3.26
185912,ARVI,647.9,29.9,594.1,710.7,3.48
185993,PIMPALGAON T.NARAYANGAON,660.2,31.3,603.9,725.9,3.76
185969,KURAN,657.0,30.9,601.4,722.0,3.69
185931,DHALEWADI HAVELI,646.0,29.7,592.6,708.3,3.44
185961,KHANAPUR,674.3,32.9,615.1,743.4,4.08
186034,VADGAONSAHANI,668.9,32.3,610.8,736.7,3.96
185916,BASTI,678.0,33.3,618.0,747.9,4.17
185980,NIMGAON T. MHA,686.6,34.3,624.9,758.6,4.38
185981,NIMDARI,694.9,35.2,631.5,768.9,4.58
186032,VADAJ,701.2,35.9,636.6,776.7,4.73
185933,DHAMNKHEL,689.7,34.6,627.4,762.5,4.45
,,683.8,34.0,622.7,755.1,4.31
185901,AGAR,684.8,34.1,623.5,756.4,4.33
185901,AGAR,675.5,33.0,616.0,744.8,4.11
185968,KUMSHET,664.4,31.8,607.2,731.0,3.85
,,674.1,32.9,614.9,743.1,4.08
185941,GOLEGAON,672.1,32.6,613.3,740.6,4.03
185904,ALDARE,681.1,33.7,620.5,751.8,4.24
185906,ALME,674.4,32.9,615.2,743.5,4.09
185914,BALLALWADI,657.6,31.0,601.8,722.7,3.7
,,673.7,32.8,614.6,742.6,4.07
185967,KOPARE,667.4,32.1,609.6,734.8,3.92
,,666.3,32.0,608.7,733.4,3.9
185994,PIMPALGAON JOGA,649.0,30.0,595.0,712.0,3.51
185973,MANDAVE,647.1,29.8,593.5,709.7,3.47
185927,CHILHEWADI,629.9,27.9,579.8,688.4,3.1
185902,AHINAVEWADI,628.0,27.6,578.3,686.1,3.06
186027,UDAPUR,639.6,29.0,587.5,700.4,3.3
185972,MANDARNE,635.1,28.4,583.9,694.8,3.21
185936,DINGORE,650.7,30.2,596.3,714.1,3.55
185985,OTUR,622.4,27.0,573.8,679.1,2.94
186004,ROHKADI,619.7,26.7,571.6,675.7,2.89
185908,AMBEGHAVAN,619.8,26.7,571.7,675.9,2.89
186006,SAGNORE,691.6,34.8,628.9,764.8,4.5
185965,KHUBI,713.2,37.3,646.1,791.5,5.03
185990,PARGOAN T. MADH,717.9,37.8,649.8,797.4,5.15
185971,MADH,697.8,35.5,633.8,772.4,4.65
185988,PANGRI T. MADH,692.5,34.9,629.6,765.9,4.52
185940,GODRE,694.9,35.2,631.5,768.8,4.58
185945,HADSAR,728.3,39.0,658.1,810.2,5.42
186014,SITEWADI,716.5,37.7,648.7,795.6,5.11
186031,UNDEKHADAK,749.6,41.4,675.1,836.6,5.98
185961,KHANAPUR,758.6,42.4,682.2,847.8,6.23
237304,KHIRE,767.8,43.5,689.5,859.1,6.48
185958,KEWADI,766.7,43.4,688.7,857.8,6.45
185983,NIMGIRI,749.3,41.4,674.8,836.2,5.97
186020,TALERAN,739.7,40.3,667.1,824.3,5.72
185930,DEVALE,772.9,44.1,693.6,865.5,6.62
185903,ANJNAVALE,793.2,46.4,709.7,890.5,7.19
185953,JALVANDI,788.1,45.8,705.7,884.2,7.05
185939,GHATGHAR,820.7,49.5,731.6,924.6,7.99
185992,PEMDARAWADI,557.0,19.6,521.7,598.2,1.75
185910,ANE,562.0,20.2,525.7,604.4,1.83
186010,SHINDEWADI,554.9,19.4,520.0,595.5,1.71
185977,NALAVANE,568.6,20.9,530.9,612.5,1.93
185905,ALE,586.0,22.9,544.8,634.1,2.24
,,579.1,22.1,539.4,625.6,2.12
185966,KOLWADI,578.9,22.1,539.2,625.3,2.11
185923,BORI BK.,587.3,23.0,545.9,635.7,2.26
186001,RAJURI,578.9,22.1,539.1,625.2,2.11
185944,GUNJALWADI BELHE,575.6,21.7,536.5,621.1,2.05
186030,UNCHKHADAKWADI,573.0,21.4,534.5,618.0,2.01
185915,BANGARWADI,568.8,20.9,531.1,612.7,1.94
185942,GULUNCHWADI,565.8,20.6,528.7,609.0,1.89
299369,Zapwadi,569.4,21.0,531.6,613.5,1.95
186003,RANMALA,568.7,20.9,531.0,612.6,1.94
186005,SAKORI T. BELHA,576.0,21.7,536.8,621.6,2.06
185917,BELHE,572.6,21.4,534.1,617.4,2.0
186022,TAMBEWADI,578.5,22.0,538.9,624.8,2.1
185952,JADHAVWADI,581.9,22.4,541.5,628.9,2.16
185982,NIMGAON SAVA,583.6,22.6,542.9,631.1,2.19
185989,PARGOAN T. ALE,577.2,21.9,537.8,623.2,2.08
185913,AURANGPUR,583.2,22.6,542.6,630.6,2.19
185269,BHAGADI,584.0,22.7,543.2,631.5,2.2
185997,PIMPRI KAVAL,570.8,21.2,532.7,615.2,1.97
185974,MANGALUR,572.8,21.4,534.3,617.7,2.01
185810,CHANDGAON,507.9,16.2,480.0,542.0,1.33
185647,KHANOTA,511.2,16.2,481.9,545.3,1.33
185666,NAYGAON,512.1,16.2,482.8,546.2,1.33
185693,VATLUJ,512.9,16.2,483.7,547.0,1.33
185659,MALTHAN,514.7,16.2,485.4,548.8,1.33
185637,HINGANIBERDI,516.0,16.2,486.7,550.1,1.33
185681,SHIRAPUR,515.4,16.2,486.1,549.5,1.33
185673,PEDGAON,516.1,16.2,486.8,550.2,1.33
185689,VADGAON DAREKAR,517.4,16.2,488.1,551.5,1.33
185628,DEULGAONRAJE,517.0,16.2,487.7,551.1,1.33
185616,ALEGAON,518.4,16.2,489.2,552.5,1.33
185616,ALEGAON,521.9,16.2,492.7,556.1,1.33
,,522.1,16.2,492.9,556.2,1.33
185650,KHORODI,520.0,16.2,490.8,554.2,1.33
185656,LINGALI,522.2,16.2,492.9,556.3,1.33
185658,MALADPATAS,521.3,16.2,492.1,555.4,1.33
185620,BORIBEL,518.1,16.2,488.9,552.2,1.33
185661,NANDADEVI,518.9,16.2,489.7,553.0,1.33
185678,RAVANGAON,519.2,16.2,490.0,553.4,1.33
185442,SHIRSUPHAL,521.6,16.2,492.3,555.7,1.33
185381,GADIKHEL,521.2,16.2,492.0,555.3,1.33
185433,PARWADI,518.4,16.2,489.2,552.5,1.33
185882,SHETPHALGADHE,516.6,16.2,487.4,550.8,1.33
185866,PIMPALE,515.1,16.2,485.8,549.2,1.33
185427,NIMBODI,516.2,16.2,487.0,550.4,1.33
185645,KHADAKI,516.8,16.2,487.6,550.9,1.33
185657,LONARWADI,515.9,16.2,486.7,550.1,1.33
185623,CHINCHOLI,514.5,16.2,485.3,548.7,1.33
185804,BHIGWAN,513.1,16.2,483.8,547.2,1.33
,,513.2,16.2,484.0,547.3,1.33
185677,RAJEGAON,512.4,16.2,483.2,546.6,1.33
185816,DIKASAL,512.2,16.2,482.9,546.3,1.33
185887,TAKRARWADI,512.6,16.2,483.4,546.8,1.33
,,513.1,16.2,483.8,547.2,1.33
185850,MADANWADI,514.2,16.2,484.9,548.3,1.33
185843,KUMBHARGOAN,512.4,16.2,483.1,546.5,1.33
185799,BHADALWADI,512.8,16.2,483.6,547.0,1.33
185871,PONDWADI,513.8,16.2,484.5,547.9,1.33
185792,AKOLE,514.0,16.2,484.7,548.1,1.33
185834,KALAS,512.2,16.2,482.9,546.3,1.33
185884,SHINDEWADI,515.3,16.2,486.1,549.4,1.33
185841,KAZAD,514.3,16.2,485.1,548.4,1.33
185857,NIMBODI,516.5,16.2,487.3,550.6,1.33
185845,LAKADI,516.7,16.2,487.5,550.9,1.33
185860,NIRGUDE,515.3,16.2,486.1,549.5,1.33
185853,MHASOBAWADI,517.0,16.2,487.7,551.1,1.33
185440,SAVAL,518.7,16.2,489.4,552.8,1.33
185386,JAINAKWADI,518.4,16.2,489.2,552.6,1.33
185403,KATPHAL,520.1,16.2,490.9,554.2,1.33
185383,GOJUBABI,522.9,16.2,493.6,557.0,1.33
,,521.9,16.2,492.6,556.0,1.33
185456,VANJARWADI,520.1,16.2,490.8,554.2,1.33
,,520.2,16.2,490.9,554.3,1.33
,,520.7,16.2,491.5,554.9,1.33
185436,PIMPALI,519.6,16.2,490.3,553.7,1.33
185393,KANHERI,518.7,16.2,489.4,552.8,1.33
185397,KATEWADI,517.6,16.2,488.3,551.7,1.33
185377,DHEKALWADI,517.7,16.2,488.4,551.8,1.33
185891,TAWSHI,516.8,16.2,487.6,551.0,1.33
185446,SONGAON,518.3,16.2,489.1,552.4,1.33
185460,ZARGADWADI,519.4,16.2,490.2,553.5,1.33
185379,DORLEWADI,520.8,16.2,491.5,554.9,1.33
185384,GUNWADI,521.5,16.2,492.3,555.6,1.33
185429,NIRAVAGAJ,523.3,16.2,494.0,557.4,1.33
185420,MEKHALI,520.5,16.2,491.3,554.6,1.33
185382,GHADAGEWADI,521.8,16.2,492.6,556.0,1.33
185844,KURAVALI,514.8,16.2,485.6,549.0,1.33
185828,JAMB,515.4,16.2,486.1,549.5,1.33
185852,MANKARWADI,515.8,16.2,486.5,549.9,1.33
185893,UDHAT,516.2,16.2,486.9,550.3,1.33
,,516.2,16.2,487.0,550.3,1.33
185865,PAWARWADI,515.6,16.2,486.4,549.8,1.33
259679,SAPKALWADI,516.5,16.2,487.2,550.6,1.33
185876,SANSAR,515.8,16.2,486.6,550.0,1.33
185826,JACHAKVASTI,515.1,16.2,485.9,549.2,1.33
185798,BELAWADI,514.4,16.2,485.2,548.5,1.33
185892,THORATWADI,515.0,16.2,485.7,549.1,1.33
185847,LASURNE,513.6,16.2,484.4,547.7,1.33
185808,BORI,513.9,16.2,484.6,548.0,1.33
,,513.4,16.2,484.1,547.5,1.33
185801,BHARANEWADI,512.1,16.2,482.9,546.3,1.33
,,512.9,16.2,483.7,547.0,1.33
185872,RANGOAN,512.1,16.2,482.9,546.2,1.33
185870,PITHEWADI,513.8,16.2,484.5,547.9,1.33
185811,CHIKHALI,514.0,16.2,484.7,548.1,1.33
185833,KALAMB,512.6,16.2,483.3,546.7,1.33
185858,NIMSAKHAR,511.0,16.2,481.7,545.1,1.33
185859,NIRWANGI,509.9,16.2,480.6,544.0,1.33
185878,SARAPHWADI,509.4,16.2,480.2,543.5,1.33
185869,PITAKESHWAR,509.0,16.2,480.0,543.2,1.33
185820,GHORPADWADI,510.0,16.2,480.8,544.1,1.33
185823,GOTANDI,509.7,16.2,480.5,543.8,1.33
185831,KACHARWADI N.K.,509.2,16.2,480.0,543.3,1.33
185898,VYAHALI,509.5,16.2,480.2,543.6,1.33
185881,SHELGOAN,510.8,16.2,481.5,544.9,1.33
185824,HAGARWADI,510.5,16.2,481.3,544.6,1.33
185885,SHIRSATWADI,511.1,16.2,481.9,545.3,1.33
185793,ATHURNE,512.0,16.2,482.7,546.1,1.33
185832,KADBANWADI,510.5,16.2,481.3,544.6,1.33
185875,RUI,510.4,16.2,481.2,544.6,1.33
185814,DALAJ NO.1,511.5,16.2,482.3,545.7,1.33
185815,DALAJ NO.3,510.9,16.2,481.6,545.0,1.33
185863,PALASDEV,509.5,16.2,480.2,543.6,1.33
185848,LONI DEVKAR,508.6,16.2,480.0,542.7,1.33
185855,NHAVI,509.3,16.2,480.1,543.5,1.33
185892,THORATWADI,510.0,16.2,480.8,544.2,1.33
185840,KOUTHALI,508.6,16.2,480.0,542.7,1.33
185806,BIJWADI,507.5,16.2,480.0,541.6,1.33
185796,BALPUDI,508.3,16.2,480.0,542.4,1.33
185803,BHAWADI,508.1,16.2,480.0,542.2,1.33
185790,AGOTI NO.2,507.5,16.2,480.0,541.6,1.33
185896,WARKUTE BK.,507.7,16.2,480.0,541.8,1.33
299397,Karewadi,507.3,16.2,480.0,541.4,1.33
185836,KALTHAN NO.1,506.8,16.2,480.0,540.9,1.33
185789,AGOTI NO.1,507.1,16.2,480.0,541.3,1.33
185835,KALASHI,506.8,16.2,480.0,540.9,1.33
185819,GANJEVALAN,506.3,16.2,480.0,540.5,1.33
185837,KALTHAN NO.2,506.5,16.2,480.0,540.6,1.33
185817,GALANDWADI NO.1,506.5,16.2,480.0,540.6,1.33
,,506.4,16.2,480.0,540.5,1.33
185889,TARANGWADI,507.1,16.2,480.0,541.2,1.33
185856,NIMGAON KETAKI,508.5,16.2,480.0,542.6,1.33
185897,WARKUTE KH.,508.1,16.2,480.0,542.2,1.33
261946,GAKHOLI,507.3,16.2,480.0,541.5,1.33
185900,ZHAGADEWADI,507.3,16.2,480.0,541.4,1.33
185839,KATI,508.2,16.2,480.0,542.3,1.33
185873,REDA,508.5,16.2,480.0,542.6,1.33
185883,SHETPHAL HAVELI,507.4,16.2,480.0,541.6,1.33
185886,SURWAD,506.8,16.2,480.0,540.9,1.33
185864,PANDHARWADI,507.3,16.2,480.0,541.4,1.33
185899,WADAPURI,506.8,16.2,480.0,540.9,1.33
185794,AWSARI GROUP,506.2,16.2,480.0,540.3,1.33
185800,BHANDGAON,506.3,16.2,480.0,540.5,1.33
185795,BABHULGAON,505.5,16.2,480.0,539.6,1.33
185802,BHATNIMGAON,505.8,16.2,480.0,539.9,1.33
185818,GALANDWADI NO.2,505.8,16.2,480.0,540.0,1.33
185877,SARDEWADI,505.5,16.2,480.0,539.6,1.33
185825,HINGANGAON,505.1,16.2,480.0,539.2,1.33
185880,SHAHA,505.2,16.2,480.0,539.3,1.33
185838,KANDALGAON,504.6,16.2,480.0,538.7,1.33
185890,TARATGAON,504.8,16.2,480.0,538.9,1.33
,,505.1,16.2,480.0,539.2,1.33
185791,AJOTI,505.3,16.2,480.0,539.4,1.33
185851,MALWADI,505.8,16.2,480.0,540.0,1.33
185868,PIMPRI KH.,505.9,16.2,480.0,540.0,1.33
185862,PADASATHAL,505.5,16.2,480.0,539.6,1.33
185854,NARSINHPUR,504.8,16.2,480.0,538.9,1.33
185821,GIRWI,505.0,16.2,480.0,539.1,1.33
185888,TANNU,505.2,16.2,480.0,539.4,1.33
185867,PIMPARI BK.,505.6,16.2,480.0,539.7,1.33
185822,GONDI,505.4,16.2,480.0,539.5,1.33
185822,GONDI,506.0,16.2,480.0,540.1,1.33
185849,LUMEWADI,506.1,16.2,480.0,540.3,1.33
185861,NIRNIMGAON,507.6,16.2,480.0,541.7,1.33
185879,SARATI,506.6,16.2,480.0,540.7,1.33
185830,KACHARWADI BAWADA,507.1,16.2,480.0,541.2,1.33
185797,BAWADA,506.6,16.2,480.0,540.8,1.33
185894,WAKILWASTI,506.4,16.2,480.0,540.5,1.33
185894,WAKILWASTI,506.9,16.2,480.0,541.0,1.33
185805,BHODANI,507.5,16.2,480.0,541.6,1.33
185846,LAKHEWADI,507.8,16.2,480.0,541.9,1.33
185870,PITHEWADI,507.5,16.2,480.0,541.7,1.33
185809,CHAKATI,508.5,16.2,480.0,542.7,1.33
185874,REDANI,508.7,16.2,480.0,542.9,1.33
185842,KHOROCHI,509.8,16.2,480.5,543.9,1.33
185807,BORATWADI,509.3,16.2,480.0,543.4,1.33
