gp_code,gp_name,assigned_block_name,assigned_block_lgd,district_name,state_name
185338,PIMPARGANE,AMBEGAON,4511,Pune,MAHARASHTRA
185262,AHUPE,AMBEGAON,4511,Pune,MAHARASHTRA
185330,PATAN GROUP,AMBEGAON,4511,Pune,MAHARASHTRA
185340,RAJPUR,AMBEGAON,4511,Pune,MAHARASHTRA
186175,TOKAWADE,KHED,4518,Pune,MAHARASHTRA
186133,MOROSHI,KHED,4518,Pune,MAHARASHTRA
186055,BHOMALE,KHED,4518,Pune,MAHARASHTRA
186056,BHORGIRI,KHED,4518,Pune,MAHARASHTRA
185305,KONDHAWAL,AMBEGAON,4511,Pune,MAHARASHTRA
186310,BHAMBARDE,MULSHI,4520,Pune,MAHARASHTRA
186351,MALE,MULSHI,4520,Pune,MAHARASHTRA
186300,AMBAVANE,MULSHI,4520,Pune,MAHARASHTRA
237308,KURWANDE,MAVAL,4519,Pune,MAHARASHTRA
259817,KUNE NAMA,MAVAL,4519,Pune,MAHARASHTRA
,,MAVAL,4519,Pune,MAHARASHTRA
186293,WARSOLI,MAVAL,4519,Pune,MAHARASHTRA
186291,WAKSAI,MAVAL,4519,Pune,MAHARASHTRA
186289,WEHERGAON,MAVAL,4519,Pune,MAHARASHTRA
186234,KARLA,MAVAL,4519,Pune,MAHARASHTRA
186279,TAKAWE KH.,MAVAL,4519,Pune,MAHARASHTRA
186269,SHILATANE,MAVAL,4519,Pune,MAHARASHTRA
186240,KHANDSHI,MAVAL,4519,Pune,MAHARASHTRA
186225,GOVITRI,MAVAL,4519,Pune,MAHARASHTRA
186271,SHIRADHE,MAVAL,4519,Pune,MAHARASHTRA
186285,UDHEWADI*,MAVAL,4519,Pune,MAHARASHTRA
186268,SAWALA,MAVAL,4519,Pune,MAHARASHTRA
186239,KHAND,MAVAL,4519,Pune,MAHARASHTRA
186215,DAHULI,MAVAL,4519,Pune,MAHARASHTRA
186231,KAMBRE N.M.,MAVAL,4519,Pune,MAHARASHTRA
186227,INGALUN,MAVAL,4519,Pune,MAHARASHTRA
186250,MALEGAON BK.,MAVAL,4519,Pune,MAHARASHTRA
186193,WANDRE,KHED,4518,Pune,MAHARASHTRA
186181,VIRHAM,KHED,4518,Pune,MAHARASHTRA
186111,KHARPUD,KHED,4518,Pune,MAHARASHTRA
186143,PARSUL,KHED,4518,Pune,MAHARASHTRA
186046,AMBOLI,KHED,4518,Pune,MAHARASHTRA
186045,AMBHU,KHED,4518,Pune,MAHARASHTRA
186236,KASHAL,MAVAL,4519,Pune,MAHARASHTRA
186083,GADAD,KHED,4518,Pune,MAHARASHTRA
186241,KONDIWADE A.M.,MAVAL,4519,Pune,MAHARASHTRA
186223,GHONSHET,MAVAL,4519,Pune,MAHARASHTRA
186212,BHOYARE,MAVAL,4519,Pune,MAHARASHTRA
186290,WADESHWAR,MAVAL,4519,Pune,MAHARASHTRA
186246,KUSAVALI,MAVAL,4519,Pune,MAHARASHTRA
186286,UKSAN,MAVAL,4519,Pune,MAHARASHTRA
186233,KARANJGAON,MAVAL,4519,Pune,MAHARASHTRA
186255,NANE,MAVAL,4519,Pune,MAHARASHTRA
186201,ADHALE BK.,MAVAL,4519,Pune,MAHARASHTRA
186266,SANGISE,MAVAL,4519,Pune,MAHARASHTRA
186252,MUDHAWARE,MAVAL,4519,Pune,MAHARASHTRA
186238,KHADKALA C.T.,MAVAL,4519,Pune,MAHARASHTRA
186232,KANHE,MAVAL,4519,Pune,MAHARASHTRA
186263,SAI,MAVAL,4519,Pune,MAHARASHTRA
186280,TAKAWE BK.,MAVAL,4519,Pune,MAHARASHTRA
259689,Jambhul,MAVAL,4519,Pune,MAHARASHTRA
186267,SATE,MAVAL,4519,Pune,MAHARASHTRA
186209,BAUR,MAVAL,4519,Pune,MAHARASHTRA
186274,SHIVANE,MAVAL,4519,Pune,MAHARASHTRA
186258,OZHARDE,MAVAL,4519,Pune,MAHARASHTRA
186202,ADHE,MAVAL,4519,Pune,MAHARASHTRA
186200,ADHALE KH.,MAVAL,4519,Pune,MAHARASHTRA
186262,PUSANE,MAVAL,4519,Pune,MAHARASHTRA
186219,DIVAD,MAVAL,4519,Pune,MAHARASHTRA
186220,DONE,MAVAL,4519,Pune,MAHARASHTRA
237310,MALVANDI DHORE,MAVAL,4519,Pune,MAHARASHTRA
186273,SHIVALI,MAVAL,4519,Pune,MAHARASHTRA
186296,YELGHOL,MAVAL,4519,Pune,MAHARASHTRA
186257,OWHALE,MAVAL,4519,Pune,MAHARASHTRA
186248,MALVANDI THULE,MAVAL,4519,Pune,MAHARASHTRA
186283,TIKONA,MAVAL,4519,Pune,MAHARASHTRA
186294,WARU,MAVAL,4519,Pune,MAHARASHTRA
186242,KOTHURNE,MAVAL,4519,Pune,MAHARASHTRA
186295,YELSE,MAVAL,4519,Pune,MAHARASHTRA
186228,KADADHE,MAVAL,4519,Pune,MAHARASHTRA
186282,THUGAON,MAVAL,4519,Pune,MAHARASHTRA
186235,KARUNJ,MAVAL,4519,Pune,MAHARASHTRA
186214,CHIKHALSE,MAVAL,4519,Pune,MAHARASHTRA
186244,KUSGAON KH.,MAVAL,4519,Pune,MAHARASHTRA
186278,TAJE,MAVAL,4519,Pune,MAHARASHTRA
186261,PATAN,MAVAL,4519,Pune,MAHARASHTRA
186211,BHAJE,MAVAL,4519,Pune,MAHARASHTRA
186247,MAHAGAON,MAVAL,4519,Pune,MAHARASHTRA
237309,LOHGAD,MAVAL,4519,Pune,MAHARASHTRA
186217,DEVALE,MAVAL,4519,Pune,MAHARASHTRA
186249,MALVALI N.M.,MAVAL,4519,Pune,MAHARASHTRA
186221,DONGARGAON,MAVAL,4519,Pune,MAHARASHTRA
186208,OUNDHE KH.,MAVAL,4519,Pune,MAHARASHTRA
186243,KUSGAON BK.,MAVAL,4519,Pune,MAHARASHTRA
186207,APTI,MAVAL,4519,Pune,MAHARASHTRA
186251,MORAVE,MAVAL,4519,Pune,MAHARASHTRA
186237,KEWARE,MAVAL,4519,Pune,MAHARASHTRA
186284,TUNG,MAVAL,4519,Pune,MAHARASHTRA
186205,AMBEGAON,MAVAL,4519,Pune,MAHARASHTRA
186230,KALE COLONY,MAVAL,4519,Pune,MAHARASHTRA
186281,THAKURSAI,MAVAL,4519,Pune,MAHARASHTRA
186203,AJIVALI,MAVAL,4519,Pune,MAHARASHTRA
186387,WALEN,MULSHI,4520,Pune,MAHARASHTRA
186377,SHEDANI,MULSHI,4520,Pune,MAHARASHTRA
186319,CHANDIVALI,MULSHI,4520,Pune,MAHARASHTRA
186270,SHILIM,MAVAL,4519,Pune,MAHARASHTRA
186347,KUMBHERI,MULSHI,4520,Pune,MAHARASHTRA
186306,BARPE,MULSHI,4520,Pune,MAHARASHTRA
186372,POMGAON,MULSHI,4520,Pune,MAHARASHTRA
186388,WANDRE,MULSHI,4520,Pune,MAHARASHTRA
186386,VALANE,MULSHI,4520,Pune,MAHARASHTRA
186361,MULSHI KH.,MULSHI,4520,Pune,MAHARASHTRA
186378,SHERE,MULSHI,4520,Pune,MAHARASHTRA
186331,JAMGAON,MULSHI,4520,Pune,MAHARASHTRA
186304,ASADE,MULSHI,4520,Pune,MAHARASHTRA
186309,BHADAS BK.,MULSHI,4520,Pune,MAHARASHTRA
186375,SAMBHAVE,MULSHI,4520,Pune,MAHARASHTRA
186342,KOLWAN,MULSHI,4520,Pune,MAHARASHTRA
186328,HADSHI,MULSHI,4520,Pune,MAHARASHTRA
186305,BHALGUDI,MULSHI,4520,Pune,MAHARASHTRA
186337,KATARKHADAK,MULSHI,4520,Pune,MAHARASHTRA
186364,NANGAON,MULSHI,4520,Pune,MAHARASHTRA
186376,SATHESAI,MULSHI,4520,Pune,MAHARASHTRA
186345,KULE,MULSHI,4520,Pune,MAHARASHTRA
186320,CHIKHALGAON,MULSHI,4520,Pune,MAHARASHTRA
186338,KHAMBOLI,MULSHI,4520,Pune,MAHARASHTRA
186370,PIMPALOLI,MULSHI,4520,Pune,MAHARASHTRA
186333,JAVAL,MULSHI,4520,Pune,MAHARASHTRA
186317,CHALE,MULSHI,4520,Pune,MAHARASHTRA
186323,DHAKHANE,MULSHI,4520,Pune,MAHARASHTRA
186365,NANEGAON,MULSHI,4520,Pune,MAHARASHTRA
186346,KHUBVALI,MULSHI,4520,Pune,MAHARASHTRA
186298,AKOLE,MULSHI,4520,Pune,MAHARASHTRA
186302,ANDESHE,MULSHI,4520,Pune,MAHARASHTRA
186343,KONDHAWALE,MULSHI,4520,Pune,MAHARASHTRA
186373,RAWADE,MULSHI,4520,Pune,MAHARASHTRA
186369,PAUD,MULSHI,4520,Pune,MAHARASHTRA
186321,CHINCHWAD,MULSHI,4520,Pune,MAHARASHTRA
186308,BELAWADE,MULSHI,4520,Pune,MAHARASHTRA
186362,MUTHA,MULSHI,4520,Pune,MAHARASHTRA
186352,MALEGAON,MULSHI,4520,Pune,MAHARASHTRA
186303,ANDGAON,MULSHI,4520,Pune,MAHARASHTRA
186339,KHARAWADE,MULSHI,4520,Pune,MAHARASHTRA
186389,WANJALE,MULSHI,4520,Pune,MAHARASHTRA
186341,KOLAWADE,MULSHI,4520,Pune,MAHARASHTRA
186340,KHECHARE,MULSHI,4520,Pune,MAHARASHTRA
186354,MANDEDE,MULSHI,4520,Pune,MAHARASHTRA
186382,TEMGHAR,MULSHI,4520,Pune,MAHARASHTRA
186349,LAVHARDE,MULSHI,4520,Pune,MAHARASHTRA
186312,BHODE,MULSHI,4520,Pune,MAHARASHTRA
186297,ADMAL,MULSHI,4520,Pune,MAHARASHTRA
186324,DASAVE,MULSHI,4520,Pune,MAHARASHTRA
186368,PATHARSHET,MULSHI,4520,Pune,MAHARASHTRA
186618,MOSE BK.,VELHE,4524,Pune,MAHARASHTRA
186357,MOSE KH.,MULSHI,4520,Pune,MAHARASHTRA
186391,WATUNDE,MULSHI,4520,Pune,MAHARASHTRA
186627,SAIV BK.,VELHE,4524,Pune,MAHARASHTRA
186332,JATEDE,MULSHI,4520,Pune,MAHARASHTRA
186645,WARASGAON,VELHE,4524,Pune,MAHARASHTRA
186609,KURAN KH.,VELHE,4524,Pune,MAHARASHTRA
186596,KADAVE,VELHE,4524,Pune,MAHARASHTRA
186641,WADGHAR,VELHE,4524,Pune,MAHARASHTRA
186578,AMBEGAON KH.,VELHE,4524,Pune,MAHARASHTRA
186590,GIVSHI,VELHE,4524,Pune,MAHARASHTRA
186583,BHATTI WAKDARA,VELHE,4524,Pune,MAHARASHTRA
186597,KANAND,VELHE,4524,Pune,MAHARASHTRA
186637,WELHE KH.,VELHE,4524,Pune,MAHARASHTRA
186604,KOLAMBI,VELHE,4524,Pune,MAHARASHTRA
186621,NIVI GEVHANDE,VELHE,4524,Pune,MAHARASHTRA
186588,GHISAR,VELHE,4524,Pune,MAHARASHTRA
186593,HARPUD,VELHE,4524,Pune,MAHARASHTRA
186614,MANGAON,VELHE,4524,Pune,MAHARASHTRA
186607,KOSHIMGHAR,VELHE,4524,Pune,MAHARASHTRA
186594,HIRPODI,VELHE,4524,Pune,MAHARASHTRA
186630,SHIRKOLI,VELHE,4524,Pune,MAHARASHTRA
186322,DARAWALI,MULSHI,4520,Pune,MAHARASHTRA
186582,BALWAD,VELHE,4524,Pune,MAHARASHTRA
186381,TAV,MULSHI,4520,Pune,MAHARASHTRA
186591,GONDEKHAL GROUP,VELHE,4524,Pune,MAHARASHTRA
186636,TEKPOLE GROUP,VELHE,4524,Pune,MAHARASHTRA
186589,GHOL,VELHE,4524,Pune,MAHARASHTRA
186380,TAMHINI BK.,MULSHI,4520,Pune,MAHARASHTRA
186326,DHAMANHOL,MULSHI,4520,Pune,MAHARASHTRA
186315,BHOINI,MULSHI,4520,Pune,MAHARASHTRA
186358,MUGAON,MULSHI,4520,Pune,MAHARASHTRA
186390,WARAK,MULSHI,4520,Pune,MAHARASHTRA
186392,WEGARE,MULSHI,4520,Pune,MAHARASHTRA
186385,WADGAON,MULSHI,4520,Pune,MAHARASHTRA
186367,NIVE,MULSHI,4520,Pune,MAHARASHTRA
186600,KELAD,VELHE,4524,Pune,MAHARASHTRA
186595,JADHAVWADI,VELHE,4524,Pune,MAHARASHTRA
186629,SHENVAD,VELHE,4524,Pune,MAHARASHTRA
185468,ASHIMPI,BHOR,4513,Pune,MAHARASHTRA
185588,SHIRGAON,BHOR,4513,Pune,MAHARASHTRA
185493,GUDHE GR.,BHOR,4513,Pune,MAHARASHTRA
185489,DURGADI,BHOR,4513,Pune,MAHARASHTRA
185589,SHIRVALI HIMA,BHOR,4513,Pune,MAHARASHTRA
185612,VARAVAND,BHOR,4513,Pune,MAHARASHTRA
185501,HIRDOSHI,BHOR,4513,Pune,MAHARASHTRA
185557,PARHAR BK.,BHOR,4513,Pune,MAHARASHTRA
185483,DAPAKEGHAR,BHOR,4513,Pune,MAHARASHTRA
185564,PARHAR KH.,BHOR,4513,Pune,MAHARASHTRA
185527,KONDHARI B.K.,BHOR,4513,Pune,MAHARASHTRA
185556,NIGUDGHAR,BHOR,4513,Pune,MAHARASHTRA
185573,RAYARI,BHOR,4513,Pune,MAHARASHTRA
185574,SALAV,BHOR,4513,Pune,MAHARASHTRA
185528,KORLE,BHOR,4513,Pune,MAHARASHTRA
185607,VADTUMBI,BHOR,4513,Pune,MAHARASHTRA
185596,TITEGHAR,BHOR,4513,Pune,MAHARASHTRA
185538,MHAKOSHI,BHOR,4513,Pune,MAHARASHTRA
185481,CHIKHALGAON,BHOR,4513,Pune,MAHARASHTRA
185611,VARODI KH.,BHOR,4513,Pune,MAHARASHTRA
185463,AAMBADE,BHOR,4513,Pune,MAHARASHTRA
185560,PALE,BHOR,4513,Pune,MAHARASHTRA
185609,VARODI BK.,BHOR,4513,Pune,MAHARASHTRA
185610,VARODI DAYMUKH,BHOR,4513,Pune,MAHARASHTRA
185572,RAVDI,BHOR,4513,Pune,MAHARASHTRA
185517,KARNAVAD,BHOR,4513,Pune,MAHARASHTRA
185547,NAZRE,BHOR,4513,Pune,MAHARASHTRA
185487,DHAVADI,BHOR,4513,Pune,MAHARASHTRA
185559,PALSOSHI,BHOR,4513,Pune,MAHARASHTRA
185553,NERE,BHOR,4513,Pune,MAHARASHTRA
185500,HATNOSHI,BHOR,4513,Pune,MAHARASHTRA
185523,KHANAPUR,BHOR,4513,Pune,MAHARASHTRA
185475,BHABAVADI,BHOR,4513,Pune,MAHARASHTRA
185469,BAJARWADI,BHOR,4513,Pune,MAHARASHTRA
185551,NATAMBI,BHOR,4513,Pune,MAHARASHTRA
185549,NANDGAON,BHOR,4513,Pune,MAHARASHTRA
185579,SANGVI T. BHOR,BHOR,4513,Pune,MAHARASHTRA
185513,KARANJE,BHOR,4513,Pune,MAHARASHTRA
185561,PANVHAL,BHOR,4513,Pune,MAHARASHTRA
185465,AMBAVADE,BHOR,4513,Pune,MAHARASHTRA
185514,KARI,BHOR,4513,Pune,MAHARASHTRA
185477,BHAVEKHAL,BHOR,4513,Pune,MAHARASHTRA
185466,ANGASULE,BHOR,4513,Pune,MAHARASHTRA
185467,APTI,BHOR,4513,Pune,MAHARASHTRA
185533,MAHUDE BK.,BHOR,4513,Pune,MAHARASHTRA
185504,JAYATPAD,BHOR,4513,Pune,MAHARASHTRA
185534,MAHUDE KH.,BHOR,4513,Pune,MAHARASHTRA
185548,NAND,BHOR,4513,Pune,MAHARASHTRA
185586,SHIND,BHOR,4513,Pune,MAHARASHTRA
185567,PISAVARE,BHOR,4513,Pune,MAHARASHTRA
185613,VATHARHIMA,BHOR,4513,Pune,MAHARASHTRA
185464,AMBEGHAR,BHOR,4513,Pune,MAHARASHTRA
185590,SHIRVALI T. BHOR,BHOR,4513,Pune,MAHARASHTRA
185568,POMBARDI,BHOR,4513,Pune,MAHARASHTRA
185604,VENAVADI,BHOR,4513,Pune,MAHARASHTRA
185478,BHOLAVADE,BHOR,4513,Pune,MAHARASHTRA
185474,BASARAPUR,BHOR,4513,Pune,MAHARASHTRA
185471,BARE BK.,BHOR,4513,Pune,MAHARASHTRA
185472,BARE KH,BHOR,4513,Pune,MAHARASHTRA
299221,KIVAT,BHOR,4513,Pune,MAHARASHTRA
185490,GAWADI,BHOR,4513,Pune,MAHARASHTRA
185539,MHALAVADI,BHOR,4513,Pune,MAHARASHTRA
185505,JOGAWADI,BHOR,4513,Pune,MAHARASHTRA
185537,MAZGAON,BHOR,4513,Pune,MAHARASHTRA
185497,HARNAS,BHOR,4513,Pune,MAHARASHTRA
185473,BRAMHANGHAR V.K.,BHOR,4513,Pune,MAHARASHTRA
185499,HATVE KH.,BHOR,4513,Pune,MAHARASHTRA
185498,HATAVE BK.,BHOR,4513,Pune,MAHARASHTRA
185593,TAMBHAD,BHOR,4513,Pune,MAHARASHTRA
186631,SONDE HIROJI,VELHE,4524,Pune,MAHARASHTRA
186634,SONDE SARPHALA,VELHE,4524,Pune,MAHARASHTRA
185511,KARANDI BK.,BHOR,4513,Pune,MAHARASHTRA
185606,VADHANE,BHOR,4513,Pune,MAHARASHTRA
185491,GORADMHASAVALI,BHOR,4513,Pune,MAHARASHTRA
185566,PASURE,BHOR,4513,Pune,MAHARASHTRA
185570,RAJGHAR,BHOR,4513,Pune,MAHARASHTRA
185516,KARANDI KH.,BHOR,4513,Pune,MAHARASHTRA
186580,ASANI DAMGUDA,VELHE,4524,Pune,MAHARASHTRA
185506,KAMBARE KH.,BHOR,4513,Pune,MAHARASHTRA
185531,KURUNJI,BHOR,4513,Pune,MAHARASHTRA
186592,GUNJAVANE,VELHE,4524,Pune,MAHARASHTRA
185535,MALE,BHOR,4513,Pune,MAHARASHTRA
185603,VELVAND,BHOR,4513,Pune,MAHARASHTRA
185512,KARANJGAON,BHOR,4513,Pune,MAHARASHTRA
185540,MHASAR KH.,BHOR,4513,Pune,MAHARASHTRA
185541,MHASAR BK.,BHOR,4513,Pune,MAHARASHTRA
185485,DEHEN GR.,BHOR,4513,Pune,MAHARASHTRA
185563,PANGARI,BHOR,4513,Pune,MAHARASHTRA
185576,SALUNGAN,BHOR,4513,Pune,MAHARASHTRA
185585,SHILIMB,BHOR,4513,Pune,MAHARASHTRA
185529,KUMBALE,BHOR,4513,Pune,MAHARASHTRA
185480,BHUTONDE,BHOR,4513,Pune,MAHARASHTRA
185494,GUHINI,BHOR,4513,Pune,MAHARASHTRA
186617,METPILAWARE,VELHE,4524,Pune,MAHARASHTRA
186638,WELHE BK.,VELHE,4524,Pune,MAHARASHTRA
186602,KHARIV,VELHE,4524,Pune,MAHARASHTRA
186642,WAJEGHAR,VELHE,4524,Pune,MAHARASHTRA
186624,PAL BK.,VELHE,4524,Pune,MAHARASHTRA
186611,LAVHI BK.,VELHE,4524,Pune,MAHARASHTRA
186616,MERAVANE,VELHE,4524,Pune,MAHARASHTRA
186585,CHIRMODI,VELHE,4524,Pune,MAHARASHTRA
186581,ASNI MANJAI,VELHE,4524,Pune,MAHARASHTRA
186628,SAKHAR,VELHE,4524,Pune,MAHARASHTRA
186639,VINZHAR,VELHE,4524,Pune,MAHARASHTRA
186610,LASHIRGAON,VELHE,4524,Pune,MAHARASHTRA
186612,MALAVALI,VELHE,4524,Pune,MAHARASHTRA
186644,WANJALE,VELHE,4524,Pune,MAHARASHTRA
186587,DAPODE,VELHE,4524,Pune,MAHARASHTRA
186625,RANJANE,VELHE,4524,Pune,MAHARASHTRA
185728,KHAMGAON MAVAL,HAVELI,4515,Pune,MAHARASHTRA
186606,KONDGAON,VELHE,4524,Pune,MAHARASHTRA
186601,KHAMGAON,VELHE,4524,Pune,MAHARASHTRA
186626,RULE,VELHE,4524,Pune,MAHARASHTRA
186577,AMBED,VELHE,4524,Pune,MAHARASHTRA
186623,PABE,VELHE,4524,Pune,MAHARASHTRA
186586,DHANEP,VELHE,4524,Pune,MAHARASHTRA
185700,AMBI,HAVELI,4515,Pune,MAHARASHTRA
186608,KURAN BK.,VELHE,4524,Pune,MAHARASHTRA
185771,SONAPUR,HAVELI,4515,Pune,MAHARASHTRA
186620,NIGADE MOSE,VELHE,4524,Pune,MAHARASHTRA
186622,OSADE,HAVELI,4515,Pune,MAHARASHTRA
185723,JAMBHALI,HAVELI,4515,Pune,MAHARASHTRA
186325,DAVAJE,MULSHI,4520,Pune,MAHARASHTRA
185765,SANGRUN,HAVELI,4515,Pune,MAHARASHTRA
185704,BAHULI,HAVELI,4515,Pune,MAHARASHTRA
186344,KONDHUR,MULSHI,4520,Pune,MAHARASHTRA
186301,AMBEGAON,MULSHI,4520,Pune,MAHARASHTRA
186355,MARNEWADI,MULSHI,4520,Pune,MAHARASHTRA
186384,URAWADE,MULSHI,4520,Pune,MAHARASHTRA
186316,BOTARWADI,MULSHI,4520,Pune,MAHARASHTRA
185696,AHIRE,HAVELI,4515,Pune,MAHARASHTRA
186371,PIRANGUT,MULSHI,4520,Pune,MAHARASHTRA
186314,BHUKUM,MULSHI,4520,Pune,MAHARASHTRA
185737,KUDAJE,HAVELI,4515,Pune,MAHARASHTRA
185695,AGALAMBE,HAVELI,4515,Pune,MAHARASHTRA
185743,MANDAVI BK.,HAVELI,4515,Pune,MAHARASHTRA
237300,KHADAKWADI,HAVELI,4515,Pune,MAHARASHTRA
185744,MANDAVI KH.,HAVELI,4515,Pune,MAHARASHTRA
185742,MALKHED,HAVELI,4515,Pune,MAHARASHTRA
185787,VARDADE,HAVELI,4515,Pune,MAHARASHTRA
185745,MANERWADI,HAVELI,4515,Pune,MAHARASHTRA
185730,KHANAPUR,HAVELI,4515,Pune,MAHARASHTRA
185719,GORHE KH.,HAVELI,4515,Pune,MAHARASHTRA
185714,DONJE,HAVELI,4515,Pune,MAHARASHTRA
185727,KHADAKWASALA,HAVELI,4515,Pune,MAHARASHTRA
185718,GORHE BK.,HAVELI,4515,Pune,MAHARASHTRA
185752,KOPRE,HAVELI,4515,Pune,MAHARASHTRA
185735,KONDHWE DHAVADE,HAVELI,4515,Pune,MAHARASHTRA
185748,NANDED,HAVELI,4515,Pune,MAHARASHTRA
185732,KIRKATWADI,HAVELI,4515,Pune,MAHARASHTRA
185750,NARHE,HAVELI,4515,Pune,MAHARASHTRA
237299,JAMBHULWADI / KOLEWADI,HAVELI,4515,Pune,MAHARASHTRA
185749,NANDOSHI,HAVELI,4515,Pune,MAHARASHTRA
185583,SASEWADI,BHOR,4513,Pune,MAHARASHTRA
185733,KOLVADI SASHTE,HAVELI,4515,Pune,MAHARASHTRA
185715,GAUDDARA,HAVELI,4515,Pune,MAHARASHTRA
185524,KHOPI,BHOR,4513,Pune,MAHARASHTRA
185532,KUSAGAON,BHOR,4513,Pune,MAHARASHTRA
185571,RANJE,BHOR,4513,Pune,MAHARASHTRA
185701,ARVI,HAVELI,4515,Pune,MAHARASHTRA
185734,KONDHANPUR,HAVELI,4515,Pune,MAHARASHTRA
185716,GHERASINHAGAD,HAVELI,4515,Pune,MAHARASHTRA
185725,KALYAN,HAVELI,4515,Pune,MAHARASHTRA
295550,WANGANIWADI,VELHE,4524,Pune,MAHARASHTRA
185762,RAHATVADE,HAVELI,4515,Pune,MAHARASHTRA
186619,NIGADE BK.,VELHE,4524,Pune,MAHARASHTRA
186613,MANGDARI,VELHE,4524,Pune,MAHARASHTRA
186599,KATVADI,VELHE,4524,Pune,MAHARASHTRA
186605,KOLWADI,VELHE,4524,Pune,MAHARASHTRA
186615,MARGASANI,VELHE,4524,Pune,MAHARASHTRA
186603,KODAVADI,VELHE,4524,Pune,MAHARASHTRA
186635,SURUVAD,VELHE,4524,Pune,MAHARASHTRA
186640,WADGAON ZANJE,VELHE,4524,Pune,MAHARASHTRA
186633,SONDE MATHANA,VELHE,4524,Pune,MAHARASHTRA
186598,KARANJAVANE,VELHE,4524,Pune,MAHARASHTRA
186576,AMBAVANE GROUP,VELHE,4524,Pune,MAHARASHTRA
186632,SONDE KARLA,VELHE,4524,Pune,MAHARASHTRA
185581,SANGAVI BK.,BHOR,4513,Pune,MAHARASHTRA
185526,KOLAVADI,BHOR,4513,Pune,MAHARASHTRA
185592,SONAVADI,BHOR,4513,Pune,MAHARASHTRA
185565,PARWADI,BHOR,4513,Pune,MAHARASHTRA
186584,BORAVALE GROUP,VELHE,4524,Pune,MAHARASHTRA
185530,KURUNGVADI,BHOR,4513,Pune,MAHARASHTRA
185509,KANJALE,BHOR,4513,Pune,MAHARASHTRA
185575,SALAVADE,BHOR,4513,Pune,MAHARASHTRA
185503,JAMBHALI,BHOR,4513,Pune,MAHARASHTRA
185605,VIRWADI,BHOR,4513,Pune,MAHARASHTRA
185536,MALEGAON,BHOR,4513,Pune,MAHARASHTRA
185550,NASRAPUR,BHOR,4513,Pune,MAHARASHTRA
185552,NAYGAON,BHOR,4513,Pune,MAHARASHTRA
185520,KELAWADE,BHOR,4513,Pune,MAHARASHTRA
185600,VARVE BK.,BHOR,4513,Pune,MAHARASHTRA
185484,DEGAON,BHOR,4513,Pune,MAHARASHTRA
186424,KETKAVALE,PURANDAR,4522,Pune,MAHARASHTRA
186405,CHILHEWADI*,PURANDAR,4522,Pune,MAHARASHTRA
186460,PURPOKHAR,PURANDAR,4522,Pune,MAHARASHTRA
186408,DEWADI,PURANDAR,4522,Pune,MAHARASHTRA
185515,KARANDI KHEBA,BHOR,4513,Pune,MAHARASHTRA
186470,SOMURDI,PURANDAR,4522,Pune,MAHARASHTRA
186428,KODIT BK.,PURANDAR,4522,Pune,MAHARASHTRA
186429,KODIT KH.,PURANDAR,4522,Pune,MAHARASHTRA
186413,GARDE,PURANDAR,4522,Pune,MAHARASHTRA
186474,THAPEWADI,PURANDAR,4522,Pune,MAHARASHTRA
185601,VARVE KH.,BHOR,4513,Pune,MAHARASHTRA
185591,SHIVARE,BHOR,4513,Pune,MAHARASHTRA
185519,KASURDI K. B,BHOR,4513,Pune,MAHARASHTRA
185602,VELU,BHOR,4513,Pune,MAHARASHTRA
185717,GOGALWADI,HAVELI,4515,Pune,MAHARASHTRA
185587,SHINDEWADI,BHOR,4513,Pune,MAHARASHTRA
186400,BHIVARI,PURANDAR,4522,Pune,MAHARASHTRA
186396,ASKARWADI,PURANDAR,4522,Pune,MAHARASHTRA
185780,VADACHIWADI,HAVELI,4515,Pune,MAHARASHTRA
185760,PISOLI,HAVELI,4515,Pune,MAHARASHTRA
185720,GUJAR-NIMBALKARWADI,HAVELI,4515,Pune,MAHARASHTRA
185708,BHILAREWADI,HAVELI,4515,Pune,MAHARASHTRA
237301,OUTADE-HANDEWADI,HAVELI,4515,Pune,MAHARASHTRA
185766,SHEWALWADI,HAVELI,4515,Pune,MAHARASHTRA
185722,HOLKARWADI,HAVELI,4515,Pune,MAHARASHTRA
186402,BOPGAON,PURANDAR,4522,Pune,MAHARASHTRA
186404,CHAMBALI,PURANDAR,4522,Pune,MAHARASHTRA
186411,DIVE,PURANDAR,4522,Pune,MAHARASHTRA
186482,ZENDEWADI,PURANDAR,4522,Pune,MAHARASHTRA
185783,VADAKI,HAVELI,4515,Pune,MAHARASHTRA
185724,KADAMWAKVASTI,HAVELI,4515,Pune,MAHARASHTRA
185740,LONIKALBHOR,HAVELI,4515,Pune,MAHARASHTRA
185738,KUJIREWADI,HAVELI,4515,Pune,MAHARASHTRA
185772,SORTAPWADI,HAVELI,4515,Pune,MAHARASHTRA
185697,ALANDI MHATOBA,HAVELI,4515,Pune,MAHARASHTRA
185773,TARDE,HAVELI,4515,Pune,MAHARASHTRA
186471,SONORI,PURANDAR,4522,Pune,MAHARASHTRA
186477,VANPURI,PURANDAR,4522,Pune,MAHARASHTRA
186416,GURHOLI,PURANDAR,4522,Pune,MAHARASHTRA
186476,UDACHIWADI,PURANDAR,4522,Pune,MAHARASHTRA
186432,KUMBHARVALAN,PURANDAR,4522,Pune,MAHARASHTRA
186412,YEKHATPUR,PURANDAR,4522,Pune,MAHARASHTRA
186425,KHALAD,PURANDAR,4522,Pune,MAHARASHTRA
186403,BORALEWADI,PURANDAR,4522,Pune,MAHARASHTRA
186395,AMBODI,PURANDAR,4522,Pune,MAHARASHTRA
186419,HIVARE,PURANDAR,4522,Pune,MAHARASHTRA
186399,BHIWADI,PURANDAR,4522,Pune,MAHARASHTRA
186472,SUPE KH.,PURANDAR,4522,Pune,MAHARASHTRA
186414,GHERA PU.*,PURANDAR,4522,Pune,MAHARASHTRA
186397,BAHIRWADI*,PURANDAR,4522,Pune,MAHARASHTRA
186449,PANWADI,PURANDAR,4522,Pune,MAHARASHTRA
186448,PANGARE,PURANDAR,4522,Pune,MAHARASHTRA
186453,PIMPALE,PURANDAR,4522,Pune,MAHARASHTRA
186468,SHIVARI,PURANDAR,4522,Pune,MAHARASHTRA
186427,KHENGAREWADI,PURANDAR,4522,Pune,MAHARASHTRA
186418,HARGUDE,PURANDAR,4522,Pune,MAHARASHTRA
186434,MAHUR,PURANDAR,4522,Pune,MAHARASHTRA
186478,VIR,PURANDAR,4522,Pune,MAHARASHTRA
186475,TONDAL,PURANDAR,4522,Pune,MAHARASHTRA
185495,GUNAND,BHOR,4513,Pune,MAHARASHTRA
185594,TAPREWADI,BHOR,4513,Pune,MAHARASHTRA
185558,PENJALWADI,BHOR,4513,Pune,MAHARASHTRA
185546,NHAVI 322,BHOR,4513,Pune,MAHARASHTRA
185614,VATHAR KH.,BHOR,4513,Pune,MAHARASHTRA
185562,PANDE,BHOR,4513,Pune,MAHARASHTRA
185476,BHAMBAVADE,BHOR,4513,Pune,MAHARASHTRA
185479,BHONGVALI,BHOR,4513,Pune,MAHARASHTRA
186436,MANDHAR,PURANDAR,4522,Pune,MAHARASHTRA
186407,DAVANEWADI,PURANDAR,4522,Pune,MAHARASHTRA
186410,DHANKAWADI,PURANDAR,4522,Pune,MAHARASHTRA
186422,KALDARI,PURANDAR,4522,Pune,MAHARASHTRA
185544,MORWADI,BHOR,4513,Pune,MAHARASHTRA
185608,WAGAJWADI,BHOR,4513,Pune,MAHARASHTRA
185584,SAVARDARE,BHOR,4513,Pune,MAHARASHTRA
185525,KIKVI,BHOR,4513,Pune,MAHARASHTRA
185486,DHANGAWADI,BHOR,4513,Pune,MAHARASHTRA
185555,NIGDE,BHOR,4513,Pune,MAHARASHTRA
185510,KAPURHOL,BHOR,4513,Pune,MAHARASHTRA
185488,DIVALE,BHOR,4513,Pune,MAHARASHTRA
185496,HARISHCHANDRI,BHOR,4513,Pune,MAHARASHTRA
185597,UMBARE,BHOR,4513,Pune,MAHARASHTRA
185508,KAMTHADI,BHOR,4513,Pune,MAHARASHTRA
185578,SANGAVI KH.,BHOR,4513,Pune,MAHARASHTRA
185522,KHADKI,BHOR,4513,Pune,MAHARASHTRA
185543,MOHARI KH.,BHOR,4513,Pune,MAHARASHTRA
185542,MOHARI BK.,BHOR,4513,Pune,MAHARASHTRA
185554,NAHRE,BHOR,4513,Pune,MAHARASHTRA
185462,ALANDEWADI,BHOR,4513,Pune,MAHARASHTRA
185595,TELAVADI,BHOR,4513,Pune,MAHARASHTRA
185518,KASURDI GUMA,BHOR,4513,Pune,MAHARASHTRA
185461,ALANDE,BHOR,4513,Pune,MAHARASHTRA
185502,INGAVALI,BHOR,4513,Pune,MAHARASHTRA
185577,SANGAMNER,BHOR,4513,Pune,MAHARASHTRA
185580,SANGAVI HIMA,BHOR,4513,Pune,MAHARASHTRA
185599,VADGAON DAL,BHOR,4513,Pune,MAHARASHTRA
185615,YEVALI,BHOR,4513,Pune,MAHARASHTRA
185598,UTROLI,BHOR,4513,Pune,MAHARASHTRA
185521,KENJAL,BHOR,4513,Pune,MAHARASHTRA
185582,SAROLE,BHOR,4513,Pune,MAHARASHTRA
185569,RAJAPUR,BHOR,4513,Pune,MAHARASHTRA
185492,GOKAVADI,BHOR,4513,Pune,MAHARASHTRA
185470,BALAWADI,BHOR,4513,Pune,MAHARASHTRA
186437,MANDAKI,PURANDAR,4522,Pune,MAHARASHTRA
186417,HARNI,PURANDAR,4522,Pune,MAHARASHTRA
186456,PINGORI,PURANDAR,4522,Pune,MAHARASHTRA
186406,DOUNDAJ,PURANDAR,4522,Pune,MAHARASHTRA
186480,VALHE,PURANDAR,4522,Pune,MAHARASHTRA
186459,PISURTI,PURANDAR,4522,Pune,MAHARASHTRA
186421,JEUOR,PURANDAR,4522,Pune,MAHARASHTRA
186455,PIMPARI KH.,PURANDAR,4522,Pune,MAHARASHTRA
186415,GULUNCHE,PURANDAR,4522,Pune,MAHARASHTRA
185380,GADADARWADI,BARAMATI,4512,Pune,MAHARASHTRA
185394,KARANJE,BARAMATI,4512,Pune,MAHARASHTRA
185372,CHAUDHARWADI,BARAMATI,4512,Pune,MAHARASHTRA
186423,KARNALWADI,PURANDAR,4522,Pune,MAHARASHTRA
186463,RAKH,PURANDAR,4522,Pune,MAHARASHTRA
186441,NAVLI,PURANDAR,4522,Pune,MAHARASHTRA
185421,MODHAVE,BARAMATI,4512,Pune,MAHARASHTRA
185424,MURTI,BARAMATI,4512,Pune,MAHARASHTRA
259677,MORALWADI,BARAMATI,4512,Pune,MAHARASHTRA
185411,MAGARWADI,BARAMATI,4512,Pune,MAHARASHTRA
185395,KARNAJPUL,BARAMATI,4512,Pune,MAHARASHTRA
185458,VAKI,BARAMATI,4512,Pune,MAHARASHTRA
185448,SORTEWADI,BARAMATI,4512,Pune,MAHARASHTRA
185425,MURUM,BARAMATI,4512,Pune,MAHARASHTRA
185459,WANEWADI,BARAMATI,4512,Pune,MAHARASHTRA
185457,VAGHALWADI,BARAMATI,4512,Pune,MAHARASHTRA
185400,KHANDOBACHIWADI,BARAMATI,4512,Pune,MAHARASHTRA
185428,NIMBUT,BARAMATI,4512,Pune,MAHARASHTRA
185385,HOL,BARAMATI,4512,Pune,MAHARASHTRA
259675,SADOBACHIWADI,BARAMATI,4512,Pune,MAHARASHTRA
185405,KORHALE KH.,BARAMATI,4512,Pune,MAHARASHTRA
185409,LATE,BARAMATI,4512,Pune,MAHARASHTRA
259678,THOPATEWADI,BARAMATI,4512,Pune,MAHARASHTRA
185407,KURNEWADI,BARAMATI,4512,Pune,MAHARASHTRA
185417,MANPPAWASTI,BARAMATI,4512,Pune,MAHARASHTRA
185415,MALWADILONI,BARAMATI,4512,Pune,MAHARASHTRA
185444,SHIRASHNE,BARAMATI,4512,Pune,MAHARASHTRA
185399,KHANDAJ,BARAMATI,4512,Pune,MAHARASHTRA
185412,MALAD,BARAMATI,4512,Pune,MAHARASHTRA
185435,PAVANEWADI,BARAMATI,4512,Pune,MAHARASHTRA
185443,SHIRAVALI,BARAMATI,4512,Pune,MAHARASHTRA
185439,SANGAVI,BARAMATI,4512,Pune,MAHARASHTRA
185392,KAMBLESHVAR,BARAMATI,4512,Pune,MAHARASHTRA
185378,DHUMALWADI,BARAMATI,4512,Pune,MAHARASHTRA
185434,PAWAIMAL,BARAMATI,4512,Pune,MAHARASHTRA
185431,PANDARE,BARAMATI,4512,Pune,MAHARASHTRA
185447,SONAKASWADI,BARAMATI,4512,Pune,MAHARASHTRA
185413,MALEGAON BK.,BARAMATI,4512,Pune,MAHARASHTRA
185414,MALEGAON KH.,BARAMATI,4512,Pune,MAHARASHTRA
185419,MEDAD,BARAMATI,4512,Pune,MAHARASHTRA
185369,BHARHANPUR,BARAMATI,4512,Pune,MAHARASHTRA
185367,ANJANGAON,BARAMATI,4512,Pune,MAHARASHTRA
185396,KARHAVAGAJ,BARAMATI,4512,Pune,MAHARASHTRA
272754,BHILLARWADI,BARAMATI,4512,Pune,MAHARASHTRA
185387,JALGAON,BARAMATI,4512,Pune,MAHARASHTRA
185388,JALGAON SUPE,BARAMATI,4512,Pune,MAHARASHTRA
185441,SAYABACHIWADI,BARAMATI,4512,Pune,MAHARASHTRA
185376,DHAKALE,BARAMATI,4512,Pune,MAHARASHTRA
185406,KORHALE BK,BARAMATI,4512,Pune,MAHARASHTRA
185423,MUDHALE,BARAMATI,4512,Pune,MAHARASHTRA
185454,VADGAON NI.,BARAMATI,4512,Pune,MAHARASHTRA
259676,SASTEWADI,BARAMATI,4512,Pune,MAHARASHTRA
185373,CHOPADAJ,BARAMATI,4512,Pune,MAHARASHTRA
185430,PALSHIWADI,BARAMATI,4512,Pune,MAHARASHTRA
185410,LONIBHAPKAR,BARAMATI,4512,Pune,MAHARASHTRA
185418,MASALWADI,BARAMATI,4512,Pune,MAHARASHTRA
185451,TARDOLI,BARAMATI,4512,Pune,MAHARASHTRA
185368,BABURDI,BARAMATI,4512,Pune,MAHARASHTRA
185398,KALKHAIREWADI,BARAMATI,4512,Pune,MAHARASHTRA
185370,BHONDVEWADI,BARAMATI,4512,Pune,MAHARASHTRA
185408,KUTAVALWADI,BARAMATI,4512,Pune,MAHARASHTRA
185455,VADHANE,BARAMATI,4512,Pune,MAHARASHTRA
185449,SUPE,BARAMATI,4512,Pune,MAHARASHTRA
185374,DANDAWADI,BARAMATI,4512,Pune,MAHARASHTRA
185426,NAROLI,BARAMATI,4512,Pune,MAHARASHTRA
185432,PANSAREWADI,BARAMATI,4512,Pune,MAHARASHTRA
185402,KARAHATI,BARAMATI,4512,Pune,MAHARASHTRA
185375,DEULAGAON RASAL,BARAMATI,4512,Pune,MAHARASHTRA
185401,KHARKHEL,BARAMATI,4512,Pune,MAHARASHTRA
185445,SONVDISUPE,BARAMATI,4512,Pune,MAHARASHTRA
185452,UNDAWADI K.P.,BARAMATI,4512,Pune,MAHARASHTRA
185390,JARADWADI,BARAMATI,4512,Pune,MAHARASHTRA
185438,SABLEWADI,BARAMATI,4512,Pune,MAHARASHTRA
185453,UNTWADI SUPE,BARAMATI,4512,Pune,MAHARASHTRA
261742,KHARADEWADI,BARAMATI,4512,Pune,MAHARASHTRA
185639,JIREGAON,DAUND,4514,Pune,MAHARASHTRA
185643,KAUTHADI,DAUND,4514,Pune,MAHARASHTRA
185692,VASUNDE,DAUND,4514,Pune,MAHARASHTRA
185404,KOLOLI,BARAMATI,4512,Pune,MAHARASHTRA
185638,HINGANIWADI,DAUND,4514,Pune,MAHARASHTRA
185671,PATAS,DAUND,4514,Pune,MAHARASHTRA
185679,ROTI,DAUND,4514,Pune,MAHARASHTRA
185668,PANDHAREWADI,DAUND,4514,Pune,MAHARASHTRA
185653,KURKUMBHA,DAUND,4514,Pune,MAHARASHTRA
185635,GOPALWADI,DAUND,4514,Pune,MAHARASHTRA
185634,GIRIM,DAUND,4514,Pune,MAHARASHTRA
185682,SONWADI,DAUND,4514,Pune,MAHARASHTRA
185664,NANVIJ,DAUND,4514,Pune,MAHARASHTRA
185633,GAR,DAUND,4514,Pune,MAHARASHTRA
185691,VARVAND,DAUND,4514,Pune,MAHARASHTRA
185654,KUSEGAON,DAUND,4514,Pune,MAHARASHTRA
185667,PADAVI,DAUND,4514,Pune,MAHARASHTRA
185630,DEULGAON GADA,DAUND,4514,Pune,MAHARASHTRA
185690,VAKHARI,DAUND,4514,Pune,MAHARASHTRA
185622,BORIPARTHI,DAUND,4514,Pune,MAHARASHTRA
185644,KEDGAON,DAUND,4514,Pune,MAHARASHTRA
185651,KHUTBAV,DAUND,4514,Pune,MAHARASHTRA
185617,BHANDGAON,DAUND,4514,Pune,MAHARASHTRA
185694,YAVAT,DAUND,4514,Pune,MAHARASHTRA
185642,KASURDI,DAUND,4514,Pune,MAHARASHTRA
185618,BHARATGAON,DAUND,4514,Pune,MAHARASHTRA
186435,MALSHIRAS,PURANDAR,4522,Pune,MAHARASHTRA
186452,PONDHE,PURANDAR,4522,Pune,MAHARASHTRA
185649,KHOR,DAUND,4514,Pune,MAHARASHTRA
186458,PISE,PURANDAR,4522,Pune,MAHARASHTRA
186462,RAJURI,PURANDAR,4522,Pune,MAHARASHTRA
186465,RISE,PURANDAR,4522,Pune,MAHARASHTRA
185366,AMBI KH.,BARAMATI,4512,Pune,MAHARASHTRA
185371,CHANDGUDEWADI,BARAMATI,4512,Pune,MAHARASHTRA
185422,MORAGON,BARAMATI,4512,Pune,MAHARASHTRA
185365,AMBI BK.,BARAMATI,4512,Pune,MAHARASHTRA
186420,JAVALAJUN,PURANDAR,4522,Pune,MAHARASHTRA
185391,JOGAWADI,BARAMATI,4512,Pune,MAHARASHTRA
186438,MAWADI KP.,PURANDAR,4522,Pune,MAHARASHTRA
186443,NAZARE SUPE,PURANDAR,4522,Pune,MAHARASHTRA
186454,PIMPRI,PURANDAR,4522,Pune,MAHARASHTRA
186447,PANDESHWAR,PURANDAR,4522,Pune,MAHARASHTRA
186442,NAYGAON,PURANDAR,4522,Pune,MAHARASHTRA
186439,MAVDISUPE,PURANDAR,4522,Pune,MAHARASHTRA
186457,PISRVE,PURANDAR,4522,Pune,MAHARASHTRA
186401,BHOSALEWADI,PURANDAR,4522,Pune,MAHARASHTRA
186431,KOTHALE,PURANDAR,4522,Pune,MAHARASHTRA
186464,RANMALA,PURANDAR,4522,Pune,MAHARASHTRA
186444,NAZRE K.,PURANDAR,4522,Pune,MAHARASHTRA
186430,KOLVIHIRE,PURANDAR,4522,Pune,MAHARASHTRA
186409,DHALEWADI,PURANDAR,4522,Pune,MAHARASHTRA
186466,SAKURDE,PURANDAR,4522,Pune,MAHARASHTRA
186451,PARINCHE,PURANDAR,4522,Pune,MAHARASHTRA
186445,NILUNJ,PURANDAR,4522,Pune,MAHARASHTRA
186481,VALUNJ,PURANDAR,4522,Pune,MAHARASHTRA
186398,BELSAR,PURANDAR,4522,Pune,MAHARASHTRA
186450,PARGOAN,PURANDAR,4522,Pune,MAHARASHTRA
186426,KHANWADI,PURANDAR,4522,Pune,MAHARASHTRA
186469,SINGAPUR,PURANDAR,4522,Pune,MAHARASHTRA
185786,VALTI,HAVELI,4515,Pune,MAHARASHTRA
186479,VAGHAPUR,PURANDAR,4522,Pune,MAHARASHTRA
186461,RAJEWADI,PURANDAR,4522,Pune,MAHARASHTRA
186473,TEKAWADI,PURANDAR,4522,Pune,MAHARASHTRA
186394,AMBLE,PURANDAR,4522,Pune,MAHARASHTRA
185625,DALIMB,DAUND,4514,Pune,MAHARASHTRA
185684,TAMHANWADI,DAUND,4514,Pune,MAHARASHTRA
185619,BORIENDI,DAUND,4514,Pune,MAHARASHTRA
185680,SAHAJPUR,DAUND,4514,Pune,MAHARASHTRA
185621,BORIBHADAK,DAUND,4514,Pune,MAHARASHTRA
185778,URULIKANCHAN,HAVELI,4515,Pune,MAHARASHTRA
185768,SHINDAVANE,HAVELI,4515,Pune,MAHARASHTRA
185736,KOREGAON MUL,HAVELI,4515,Pune,MAHARASHTRA
185709,BIVARI,HAVELI,4515,Pune,MAHARASHTRA
185702,ASHTAPUR,HAVELI,4515,Pune,MAHARASHTRA
185707,BHAVARAPUR,HAVELI,4515,Pune,MAHARASHTRA
298904,TILEKARWADI,HAVELI,4515,Pune,MAHARASHTRA
185729,KHAMGAONTEK,HAVELI,4515,Pune,MAHARASHTRA
185662,NANDUR,DAUND,4514,Pune,MAHARASHTRA
185624,DAHITNE,DAUND,4514,Pune,MAHARASHTRA
185660,MIRWADI,DAUND,4514,Pune,MAHARASHTRA
185721,HINGANGAON,HAVELI,4515,Pune,MAHARASHTRA
185767,SHINDEWADI,HAVELI,4515,Pune,MAHARASHTRA
185629,DEVKARWADI,DAUND,4514,Pune,MAHARASHTRA
185764,SANGVI SANDAS,HAVELI,4515,Pune,MAHARASHTRA
185753,NHAVI SANDAS,HAVELI,4515,Pune,MAHARASHTRA
186500,DHANORE,SHIRUR,4523,Pune,MAHARASHTRA
185769,SHIRSAVADI,HAVELI,4515,Pune,MAHARASHTRA
185759,PIMPRISANDAS,HAVELI,4515,Pune,MAHARASHTRA
185710,BURKEGAON,HAVELI,4515,Pune,MAHARASHTRA
186498,DAREKARWADI,SHIRUR,4523,Pune,MAHARASHTRA
186554,SANASWADI,SHIRUR,4523,Pune,MAHARASHTRA
186512,JETEGAON KH.,SHIRUR,4523,Pune,MAHARASHTRA
186535,MUKHAI,SHIRUR,4523,Pune,MAHARASHTRA
186511,JATEGAON BK.,SHIRUR,4523,Pune,MAHARASHTRA
186557,SHIKRAPUR,SHIRUR,4523,Pune,MAHARASHTRA
186520,KASARI,SHIRUR,4523,Pune,MAHARASHTRA
186492,BURUNJWADI,SHIRUR,4523,Pune,MAHARASHTRA
186528,KONDHAPURI,SHIRUR,4523,Pune,MAHARASHTRA
186564,TALEGAON DHAMDHERE,SHIRUR,4523,Pune,MAHARASHTRA
186568,VITTHALWADI,SHIRUR,4523,Pune,MAHARASHTRA
186562,TAKALI BHIMA,SHIRUR,4523,Pune,MAHARASHTRA
185683,TAKLI,DAUND,4514,Pune,MAHARASHTRA
185687,VADGAONBANDE,DAUND,4514,Pune,MAHARASHTRA
185669,PANVALI,DAUND,4514,Pune,MAHARASHTRA
186544,PARODI,SHIRUR,4523,Pune,MAHARASHTRA
186540,NIMGAON MHALUNGE,SHIRUR,4523,Pune,MAHARASHTRA
186525,KHANDALE,SHIRUR,4523,Pune,MAHARASHTRA
186516,KARANJAVANE,SHIRUR,4523,Pune,MAHARASHTRA
186497,DAHIWADI,SHIRUR,4523,Pune,MAHARASHTRA
186491,BHAMBARDE,SHIRUR,4523,Pune,MAHARASHTRA
186567,URALGAON,SHIRUR,4523,Pune,MAHARASHTRA
186483,ALEGAONPAGA,SHIRUR,4523,Pune,MAHARASHTRA
185688,VALKI,DAUND,4514,Pune,MAHARASHTRA
185652,KOREGAON BHIVAR,DAUND,4514,Pune,MAHARASHTRA
185685,TELEWADI,DAUND,4514,Pune,MAHARASHTRA
185672,PATETHAN,DAUND,4514,Pune,MAHARASHTRA
185674,PILANWADI,DAUND,4514,Pune,MAHARASHTRA
185676,RAHU,DAUND,4514,Pune,MAHARASHTRA
185646,KHAMGAON,DAUND,4514,Pune,MAHARASHTRA
185686,UNDAWADI,DAUND,4514,Pune,MAHARASHTRA
185675,PIMPALGAON,DAUND,4514,Pune,MAHARASHTRA
185627,DELAWADI,DAUND,4514,Pune,MAHARASHTRA
185632,GALANDWADI,DAUND,4514,Pune,MAHARASHTRA
185648,KHOPODI,DAUND,4514,Pune,MAHARASHTRA
185670,PARGAON,DAUND,4514,Pune,MAHARASHTRA
186551,RANJANGAON SANDAS,SHIRUR,4523,Pune,MAHARASHTRA
186536,NAGARGAON,SHIRUR,4523,Pune,MAHARASHTRA
186487,ANDHALGAON,SHIRUR,4523,Pune,MAHARASHTRA
186530,KURULI,SHIRUR,4523,Pune,MAHARASHTRA
186527,KOLGOAN DOLAS,SHIRUR,4523,Pune,MAHARASHTRA
186570,WADGAON RASAI,SHIRUR,4523,Pune,MAHARASHTRA
185663,NANGAON,DAUND,4514,Pune,MAHARASHTRA
185626,DAPODI,DAUND,4514,Pune,MAHARASHTRA
185636,HATVALAN,DAUND,4514,Pune,MAHARASHTRA
186553,SADALGAON,SHIRUR,4523,Pune,MAHARASHTRA
186532,MANDAVGAN PHARATA,SHIRUR,4523,Pune,MAHARASHTRA
185641,KANGAON,DAUND,4514,Pune,MAHARASHTRA
186489,BABHULSAR BK.,SHIRUR,4523,Pune,MAHARASHTRA
186504,GANEGAON DUMALA,SHIRUR,4523,Pune,MAHARASHTRA
186565,TANDALI,SHIRUR,4523,Pune,MAHARASHTRA
186509,INAMGOAN,SHIRUR,4523,Pune,MAHARASHTRA
186547,PIMPALSUTI,SHIRUR,4523,Pune,MAHARASHTRA
186559,SHIRASGAON KATA,SHIRUR,4523,Pune,MAHARASHTRA
186495,CHINCHANI,SHIRUR,4523,Pune,MAHARASHTRA
186558,SHINDODI,SHIRUR,4523,Pune,MAHARASHTRA
186534,MOTEWADI,SHIRUR,4523,Pune,MAHARASHTRA
186541,NIMONE,SHIRUR,4523,Pune,MAHARASHTRA
186507,GUNAT,SHIRUR,4523,Pune,MAHARASHTRA
186542,NIRVI,SHIRUR,4523,Pune,MAHARASHTRA
186537,NHAVARE,SHIRUR,4523,Pune,MAHARASHTRA
186484,AMBALE,SHIRUR,4523,Pune,MAHARASHTRA
186494,CHAVHANWADI,SHIRUR,4523,Pune,MAHARASHTRA
186517,KARDE,SHIRUR,4523,Pune,MAHARASHTRA
186506,GOLEGAON,SHIRUR,4523,Pune,MAHARASHTRA
186560,SHIRUR GRAMIN,SHIRUR,4523,Pune,MAHARASHTRA
186572,WADNER KH.,SHIRUR,4523,Pune,MAHARASHTRA
186552,RAWADEWADI,SHIRUR,4523,Pune,MAHARASHTRA
186539,NIMGAON DUDE,SHIRUR,4523,Pune,MAHARASHTRA
186563,TAKALI HAJI,SHIRUR,4523,Pune,MAHARASHTRA
298906,MHASE BK,SHIRUR,4523,Pune,MAHARASHTRA
186518,KAREGAON,SHIRUR,4523,Pune,MAHARASHTRA
186490,BABHULSAR KH.,SHIRUR,4523,Pune,MAHARASHTRA
186501,DHOKSANGAVI,SHIRUR,4523,Pune,MAHARASHTRA
186550,RANJANGAON GANPATI,SHIRUR,4523,Pune,MAHARASHTRA
186548,PIMPRI DUMALA,SHIRUR,4523,Pune,MAHARASHTRA
186561,SONESANGAVI,SHIRUR,4523,Pune,MAHARASHTRA
186538,NIMGAON BHOGI,SHIRUR,4523,Pune,MAHARASHTRA
186485,AMADABAD,SHIRUR,4523,Pune,MAHARASHTRA
186496,CHINCHOLI MORACHI,SHIRUR,4523,Pune,MAHARASHTRA
186531,MALTHAN,SHIRUR,4523,Pune,MAHARASHTRA
186575,WAGHOLE,SHIRUR,4523,Pune,MAHARASHTRA
186574,WARUDE,SHIRUR,4523,Pune,MAHARASHTRA
186546,PIMPALEKHALSA,SHIRUR,4523,Pune,MAHARASHTRA
186508,HIVARE,SHIRUR,4523,Pune,MAHARASHTRA
186499,DHAMARI,SHIRUR,4523,Pune,MAHARASHTRA
186526,KHAIRENAGAR,SHIRUR,4523,Pune,MAHARASHTRA
186514,KANHURMESAI,SHIRUR,4523,Pune,MAHARASHTRA
185319,MANDALEWADI,AMBEGAON,4511,Pune,MAHARASHTRA
185343,RANMALA,AMBEGAON,4511,Pune,MAHARASHTRA
185304,KHADAKWADI,AMBEGAON,4511,Pune,MAHARASHTRA
185334,PONDEWADI,AMBEGAON,4511,Pune,MAHARASHTRA
186556,SAVINDANE,SHIRUR,4523,Pune,MAHARASHTRA
186522,KAWATHE,SHIRUR,4523,Pune,MAHARASHTRA
186493,CHANDOH,SHIRUR,4523,Pune,MAHARASHTRA
186503,PHAKATE,SHIRUR,4523,Pune,MAHARASHTRA
298905,SHARADWADI,SHIRUR,4523,Pune,MAHARASHTRA
186549,PIMPARKHED,SHIRUR,4523,Pune,MAHARASHTRA
185280,DEVGAON,AMBEGAON,4511,Pune,MAHARASHTRA
185311,LAKHANGAON,AMBEGAON,4511,Pune,MAHARASHTRA
185302,KATHAPUR BK.,AMBEGAON,4511,Pune,MAHARASHTRA
186521,KATHAPUR KH.,SHIRUR,4523,Pune,MAHARASHTRA
185328,PARGAON T. AWASARI BK.,AMBEGAON,4511,Pune,MAHARASHTRA
185297,JAWALE,AMBEGAON,4511,Pune,MAHARASHTRA
185320,MENGADEWADI,AMBEGAON,4511,Pune,MAHARASHTRA
185296,JARKARWADI,AMBEGAON,4511,Pune,MAHARASHTRA
185314,LONI,AMBEGAON,4511,Pune,MAHARASHTRA
185281,DHAMANI,AMBEGAON,4511,Pune,MAHARASHTRA
185326,PAHAD DARA,AMBEGAON,4511,Pune,MAHARASHTRA
185349,SHIRDALEWADI,AMBEGAON,4511,Pune,MAHARASHTRA
186084,GADAKHWADI,KHED,4518,Pune,MAHARASHTRA
186067,CHINCHBAIWADI,KHED,4518,Pune,MAHARASHTRA
186185,WAFGAON,KHED,4518,Pune,MAHARASHTRA
186095,JAVULKE BK.,KHED,4518,Pune,MAHARASHTRA
185267,AWASARI BK.,AMBEGAON,4511,Pune,MAHARASHTRA
185325,NIRGUDSAR,AMBEGAON,4511,Pune,MAHARASHTRA
185355,TAWHAREWADI,AMBEGAON,4511,Pune,MAHARASHTRA
185337,PIMPALGAON T. MAHALUNGE,AMBEGAON,4511,Pune,MAHARASHTRA
185268,AWASARI KH.,AMBEGAON,4511,Pune,MAHARASHTRA
185283,DHONDMALA SHINDEWADI,AMBEGAON,4511,Pune,MAHARASHTRA
185331,PETH,AMBEGAON,4511,Pune,MAHARASHTRA
185354,TAMBADEMALA,AMBEGAON,4511,Pune,MAHARASHTRA
185346,SHEWALWADI,AMBEGAON,4511,Pune,MAHARASHTRA
185324,NIGHOTWADI,AMBEGAON,4511,Pune,MAHARASHTRA
185358,THUGAON,AMBEGAON,4511,Pune,MAHARASHTRA
186130,MIRAJEWADI,KHED,4518,Pune,MAHARASHTRA
185271,BHAVADI,AMBEGAON,4511,Pune,MAHARASHTRA
185301,KAREGAON,AMBEGAON,4511,Pune,MAHARASHTRA
186053,BAHIRWADI,KHED,4518,Pune,MAHARASHTRA
186138,PADALI,KHED,4518,Pune,MAHARASHTRA
186139,PANGARI,KHED,4518,Pune,MAHARASHTRA
186116,KOHINKARWADI,KHED,4518,Pune,MAHARASHTRA
186156,SANDBHORWADI,KHED,4518,Pune,MAHARASHTRA
186178,WARACHI BHAMBURWADI,KHED,4518,Pune,MAHARASHTRA
186094,JAIDWADI,KHED,4518,Pune,MAHARASHTRA
185329,PARGAON T. KHED,AMBEGAON,4511,Pune,MAHARASHTRA
186091,GULANI,KHED,4518,Pune,MAHARASHTRA
186189,WAKALWADI,KHED,4518,Pune,MAHARASHTRA
186151,RETWADI,KHED,4518,Pune,MAHARASHTRA
186110,KHARPUDI BK.,KHED,4518,Pune,MAHARASHTRA
186096,JAVULKE KH.,KHED,4518,Pune,MAHARASHTRA
186079,KHALCHI BHAMBURWADI,KHED,4518,Pune,MAHARASHTRA
186171,TAKALKARWADI,KHED,4518,Pune,MAHARASHTRA
186147,RAKSHEWADI,KHED,4518,Pune,MAHARASHTRA
186158,SATKARSTHAL,KHED,4518,Pune,MAHARASHTRA
186063,CHANDOLI,KHED,4518,Pune,MAHARASHTRA
186167,SHIROLI,KHED,4518,Pune,MAHARASHTRA
186127,MANJAREWADI,KHED,4518,Pune,MAHARASHTRA
186093,HOLEWADI,KHED,4518,Pune,MAHARASHTRA
186109,KHARPUDI KH.,KHED,4518,Pune,MAHARASHTRA
186190,WAKI BK.,KHED,4518,Pune,MAHARASHTRA
186191,WAKI KH.,KHED,4518,Pune,MAHARASHTRA
186102,KALUS,KHED,4518,Pune,MAHARASHTRA
186137,NIMGAON,KHED,4518,Pune,MAHARASHTRA
186072,DAWADI,KHED,4518,Pune,MAHARASHTRA
186070,CHINCHOSHI,KHED,4518,Pune,MAHARASHTRA
186100,KANHERSAR,KHED,4518,Pune,MAHARASHTRA
186090,GOSASI,KHED,4518,Pune,MAHARASHTRA
186179,WARUDE,KHED,4518,Pune,MAHARASHTRA
186145,PUR,KHED,4518,Pune,MAHARASHTRA
186543,PABAL,SHIRUR,4523,Pune,MAHARASHTRA
185361,WADGAON PIR,AMBEGAON,4511,Pune,MAHARASHTRA
186523,KENDUR,SHIRUR,4523,Pune,MAHARASHTRA
186545,PIMPALE JAGTAP,SHIRUR,4523,Pune,MAHARASHTRA
186573,WAJEWADI,SHIRUR,4523,Pune,MAHARASHTRA
186515,KARANDI,SHIRUR,4523,Pune,MAHARASHTRA
186058,BAHUL,KHED,4518,Pune,MAHARASHTRA
186163,SIDDHEGAVHAN,KHED,4518,Pune,MAHARASHTRA
186488,APTI,SHIRUR,4523,Pune,MAHARASHTRA
185775,TULAPUR,HAVELI,4515,Pune,MAHARASHTRA
185757,PHULGAON,HAVELI,4515,Pune,MAHARASHTRA
185784,VADHU KH.,HAVELI,4515,Pune,MAHARASHTRA
186571,WADHU BK.,SHIRUR,4523,Pune,MAHARASHTRA
186529,KOREGAON BHIMA,SHIRUR,4523,Pune,MAHARASHTRA
186502,DIGRAJWADI*,SHIRUR,4523,Pune,MAHARASHTRA
185713,DONGARGAON,HAVELI,4515,Pune,MAHARASHTRA
185755,PERANE,HAVELI,4515,Pune,MAHARASHTRA
185705,BAKORI,HAVELI,4515,Pune,MAHARASHTRA
185781,WADEBOLHAI,HAVELI,4515,Pune,MAHARASHTRA
185756,PETH,HAVELI,4515,Pune,MAHARASHTRA
185751,NAYGAON,HAVELI,4515,Pune,MAHARASHTRA
185774,THEUR,HAVELI,4515,Pune,MAHARASHTRA
185747,MANJARI KH.,HAVELI,4515,Pune,MAHARASHTRA
185703,AVHALWADI,HAVELI,4515,Pune,MAHARASHTRA
185785,WAGHOLI,PUNE CITY,4521,Pune,MAHARASHTRA
185726,KESNAND,HAVELI,4515,Pune,MAHARASHTRA
185741,LONIKAND,HAVELI,4515,Pune,MAHARASHTRA
185706,BHAVADI,HAVELI,4515,Pune,MAHARASHTRA
185746,MANJARI BK.,HAVELI,4515,Pune,MAHARASHTRA
186065,CHARHOLI KH.,KHED,4518,Pune,MAHARASHTRA
185754,NIRGUDI,HAVELI,4515,Pune,MAHARASHTRA
185782,VADGAON-SHINDE,HAVELI,4515,Pune,MAHARASHTRA
186087,GOLEGAON,KHED,4518,Pune,MAHARASHTRA
186128,MARKAL,KHED,4518,Pune,MAHARASHTRA
186168,SOLU,KHED,4518,Pune,MAHARASHTRA
186077,DHANORE,KHED,4518,Pune,MAHARASHTRA
186183,WADGAON GHENAND,KHED,4518,Pune,MAHARASHTRA
186118,KOYALI T. CHAKAN,KHED,4518,Pune,MAHARASHTRA
237306,PIMPALGAON T. KHED,KHED,4518,Pune,MAHARASHTRA
186160,SHELGAON,KHED,4518,Pune,MAHARASHTRA
186057,BHOSE,KHED,4518,Pune,MAHARASHTRA
186149,RASE,KHED,4518,Pune,MAHARASHTRA
186105,KELGAON,KHED,4518,Pune,MAHARASHTRA
186069,CHIMBALI,KHED,4518,Pune,MAHARASHTRA
186129,MEDANKARWADI,KHED,4518,Pune,MAHARASHTRA
186097,KADACHIWADI,KHED,4518,Pune,MAHARASHTRA
186135,NANEKARWADI,KHED,4518,Pune,MAHARASHTRA
186124,KURULI,KHED,4518,Pune,MAHARASHTRA
186132,MOI,KHED,4518,Pune,MAHARASHTRA
186136,NIGHOJE,KHED,4518,Pune,MAHARASHTRA
186112,KHALUMBRE,HAVELI,4515,Pune,MAHARASHTRA
186276,SUDVADI,MAVAL,4519,Pune,MAHARASHTRA
186197,YELWADI,KHED,4518,Pune,MAHARASHTRA
186157,SANGURDI,KHED,4518,Pune,MAHARASHTRA
186307,BAWDHAN BK.,MULSHI,4520,Pune,MAHARASHTRA
186313,BHUGAON,MULSHI,4520,Pune,MAHARASHTRA
186379,SUS,MULSHI,4520,Pune,MAHARASHTRA
186350,MAHALUNGE,MULSHI,4520,Pune,MAHARASHTRA
186356,MARUNJI,MULSHI,4520,Pune,MAHARASHTRA
186353,MAN,MULSHI,4520,Pune,MAHARASHTRA
186329,HINJAWADI,MULSHI,4520,Pune,MAHARASHTRA
186363,NANDE,MULSHI,4520,Pune,MAHARASHTRA
186348,LAVALE,MULSHI,4520,Pune,MAHARASHTRA
186360,MULKHED,MULSHI,4520,Pune,MAHARASHTRA
186318,CHANDE,MULSHI,4520,Pune,MAHARASHTRA
186327,GHOTAWADE,MULSHI,4520,Pune,MAHARASHTRA
186311,BHARE,MULSHI,4520,Pune,MAHARASHTRA
186334,KASARAMBOLI,MULSHI,4520,Pune,MAHARASHTRA
186299,AMBADVET,MULSHI,4520,Pune,MAHARASHTRA
186359,MUGAWADE,MULSHI,4520,Pune,MAHARASHTRA
186374,RIHE,MULSHI,4520,Pune,MAHARASHTRA
186335,KASARSAI,MULSHI,4520,Pune,MAHARASHTRA
186245,KUSGAON P.M.,MAVAL,4519,Pune,MAHARASHTRA
186259,PACHANE,MAVAL,4519,Pune,MAHARASHTRA
186213,CHANDKHED,MAVAL,4519,Pune,MAHARASHTRA
186210,BEBED OHOL,MAVAL,4519,Pune,MAHARASHTRA
186218,DHAMANE,MAVAL,4519,Pune,MAHARASHTRA
186224,GODUMBRE,MAVAL,4519,Pune,MAHARASHTRA
186264,SALUMBRE,MAVAL,4519,Pune,MAHARASHTRA
186216,DARUMBRE,MAVAL,4519,Pune,MAHARASHTRA
186265,SANGAVADE,MAVAL,4519,Pune,MAHARASHTRA
186366,NERE,MULSHI,4520,Pune,MAHARASHTRA
186330,JAMBE,MULSHI,4520,Pune,MAHARASHTRA
186222,GAHUNJE,MAVAL,4519,Pune,MAHARASHTRA
186272,SHIRGAON,MAVAL,4519,Pune,MAHARASHTRA
186106,KANHEWADI T. CHAKAN,KHED,4518,Pune,MAHARASHTRA
186226,INDURI,MAVAL,4519,Pune,MAHARASHTRA
186292,WARELE,MAVAL,4519,Pune,MAHARASHTRA
186275,SOMATANE,MAVAL,4519,Pune,MAHARASHTRA
186260,PARANDVADI,MAVAL,4519,Pune,MAHARASHTRA
186287,URSE,MAVAL,4519,Pune,MAHARASHTRA
186206,AMBI,MAVAL,4519,Pune,MAHARASHTRA
186204,AMBALE,MAVAL,4519,Pune,MAHARASHTRA
186256,NIGADE,MAVAL,4519,Pune,MAHARASHTRA
186229,KALHAT,MAVAL,4519,Pune,MAHARASHTRA
186187,WAHAGAON,KHED,4518,Pune,MAHARASHTRA
186165,SHIVE,KHED,4518,Pune,MAHARASHTRA
186150,RONDHALWADI,KHED,4518,Pune,MAHARASHTRA
186140,PAIT,KHED,4518,Pune,MAHARASHTRA
186104,KARANJVIHIRE,KHED,4518,Pune,MAHARASHTRA
186254,NAVLAKH UMBRE,MAVAL,4519,Pune,MAHARASHTRA
186253,NANOLI T. CHAKAN,MAVAL,4519,Pune,MAHARASHTRA
237307,JAMBAWADE,MAVAL,4519,Pune,MAHARASHTRA
186277,SUDUMBARE,MAVAL,4519,Pune,MAHARASHTRA
186164,SHINDE,KHED,4518,Pune,MAHARASHTRA
186196,WASULI,KHED,4518,Pune,MAHARASHTRA
186054,BHAMBOLI,KHED,4518,Pune,MAHARASHTRA
186194,WARALE,KHED,4518,Pune,MAHARASHTRA
186159,SAWARDARI,KHED,4518,Pune,MAHARASHTRA
186126,MHALUNGE,KHED,4518,Pune,MAHARASHTRA
186108,KHARABWADI,KHED,4518,Pune,MAHARASHTRA
186060,BIRADWADI,KHED,4518,Pune,MAHARASHTRA
186152,ROHKAL,KHED,4518,Pune,MAHARASHTRA
186088,GONAWADI,KHED,4518,Pune,MAHARASHTRA
186044,AMBETHAN,KHED,4518,Pune,MAHARASHTRA
186119,KOREGAON KH.,KHED,4518,Pune,MAHARASHTRA
186064,CHANDUS,KHED,4518,Pune,MAHARASHTRA
186144,PIMPRI BK.,KHED,4518,Pune,MAHARASHTRA
186184,WADGAON T. KHED,KHED,4518,Pune,MAHARASHTRA
186081,DONDE,KHED,4518,Pune,MAHARASHTRA
186115,KIWLE,KHED,4518,Pune,MAHARASHTRA
186125,KURKUNDI,KHED,4518,Pune,MAHARASHTRA
186120,KOREGAON BK.,KHED,4518,Pune,MAHARASHTRA
186161,SHELU,KHED,4518,Pune,MAHARASHTRA
186049,AASKHED BK.,KHED,4518,Pune,MAHARASHTRA
186048,ASKHED KH.,KHED,4518,Pune,MAHARASHTRA
186075,DHAMANE,KHED,4518,Pune,MAHARASHTRA
186121,KOYE,KHED,4518,Pune,MAHARASHTRA
186172,TALAWADE,KHED,4518,Pune,MAHARASHTRA
186113,KOHINDE BK.,KHED,4518,Pune,MAHARASHTRA
186085,GARGOTWADI,KHED,4518,Pune,MAHARASHTRA
186099,KADUS,KHED,4518,Pune,MAHARASHTRA
186043,AKHARWADI,KHED,4518,Pune,MAHARASHTRA
186142,PAPALWADI,KHED,4518,Pune,MAHARASHTRA
186066,CHAS,KHED,4518,Pune,MAHARASHTRA
186154,SAYGAON,KHED,4518,Pune,MAHARASHTRA
186107,KANHEWADI BK.,KHED,4518,Pune,MAHARASHTRA
186131,MOHKAL,KHED,4518,Pune,MAHARASHTRA
186103,KAMAN,KHED,4518,Pune,MAHARASHTRA
185309,KURWANDI,AMBEGAON,4511,Pune,MAHARASHTRA
186098,KADADHE,KHED,4518,Pune,MAHARASHTRA
186180,WETALE,KHED,4518,Pune,MAHARASHTRA
259681,KOYALI TARF WADA,KHED,4518,Pune,MAHARASHTRA
186153,SABURDI,KHED,4518,Pune,MAHARASHTRA
273769,DAREKWADI,KHED,4518,Pune,MAHARASHTRA
186155,SAKURDI,KHED,4518,Pune,MAHARASHTRA
186170,SURKUNDI,KHED,4518,Pune,MAHARASHTRA
186068,CHIKHALGAON,KHED,4518,Pune,MAHARASHTRA
186101,KALMODI,KHED,4518,Pune,MAHARASHTRA
186199,YENIYE KH.,KHED,4518,Pune,MAHARASHTRA
186074,DEVOSHI,KHED,4518,Pune,MAHARASHTRA
186050,AVDAR,KHED,4518,Pune,MAHARASHTRA
186188,WAJVANE,KHED,4518,Pune,MAHARASHTRA
186195,WASHIRE,KHED,4518,Pune,MAHARASHTRA
186042,AHIRE,KHED,4518,Pune,MAHARASHTRA
186092,HEDRUJ,KHED,4518,Pune,MAHARASHTRA
186041,ADGAON,KHED,4518,Pune,MAHARASHTRA
186141,PALU,KHED,4518,Pune,MAHARASHTRA
186176,TORANE BK.,KHED,4518,Pune,MAHARASHTRA
186073,DESHMUKHWADI,KHED,4518,Pune,MAHARASHTRA
186047,ANAWALE,KHED,4518,Pune,MAHARASHTRA
186173,TEKWADI,KHED,4518,Pune,MAHARASHTRA
186117,KOLIYE,KHED,4518,Pune,MAHARASHTRA
186186,WAGHU,KHED,4518,Pune,MAHARASHTRA
186169,SUPE,KHED,4518,Pune,MAHARASHTRA
186051,AWANDHE,KHED,4518,Pune,MAHARASHTRA
186123,KUDE KH.,KHED,4518,Pune,MAHARASHTRA
186122,KUDE BK.,KHED,4518,Pune,MAHARASHTRA
186198,YENIYE BK.,KHED,4518,Pune,MAHARASHTRA
186086,GHOTAWADI,KHED,4518,Pune,MAHARASHTRA
186076,DHAMANGOAN KH.,KHED,4518,Pune,MAHARASHTRA
186162,SHENDURLI,KHED,4518,Pune,MAHARASHTRA
186080,DHUVOLI,KHED,4518,Pune,MAHARASHTRA
186166,SHIRGAON,KHED,4518,Pune,MAHARASHTRA
186134,NAYPHAD,KHED,4518,Pune,MAHARASHTRA
186114,KHAROSHI,KHED,4518,Pune,MAHARASHTRA
186078,DEHANE,KHED,4518,Pune,MAHARASHTRA
186082,EKLAHARE,KHED,4518,Pune,MAHARASHTRA
186089,GOREGAON,KHED,4518,Pune,MAHARASHTRA
186174,TIFANWADI,KHED,4518,Pune,MAHARASHTRA
186192,WALAD,KHED,4518,Pune,MAHARASHTRA
186052,AWHAT,KHED,4518,Pune,MAHARASHTRA
185339,POKHARI,AMBEGAON,4511,Pune,MAHARASHTRA
185293,GORHE KH.,AMBEGAON,4511,Pune,MAHARASHTRA
185292,GORHE BK.,AMBEGAON,4511,Pune,MAHARASHTRA
185285,DIMBE KH.,AMBEGAON,4511,Pune,MAHARASHTRA
185307,KOLTAWADE,AMBEGAON,4511,Pune,MAHARASHTRA
185284,DIMBE BK.,AMBEGAON,4511,Pune,MAHARASHTRA
185264,AMBEGAON GAVTHAN,AMBEGAON,4511,Pune,MAHARASHTRA
185341,RAJEWADI,AMBEGAON,4511,Pune,MAHARASHTRA
185298,KALAMB,AMBEGAON,4511,Pune,MAHARASHTRA
185294,JAMBHORI,AMBEGAON,4511,Pune,MAHARASHTRA
185277,CHIKHALI,AMBEGAON,4511,Pune,MAHARASHTRA
185352,TALEGHAR,AMBEGAON,4511,Pune,MAHARASHTRA
185332,PHALODE GROUP,AMBEGAON,4511,Pune,MAHARASHTRA
185310,KUSHIRE BK.,AMBEGAON,4511,Pune,MAHARASHTRA
185266,ASANE,AMBEGAON,4511,Pune,MAHARASHTRA
185359,TIRPAD,AMBEGAON,4511,Pune,MAHARASHTRA
185946,HATVIJ,JUNNAR,4517,Pune,MAHARASHTRA
185919,BHIVADE BK.,JUNNAR,4517,Pune,MAHARASHTRA
185920,BHIVADE KH.,JUNNAR,4517,Pune,MAHARASHTRA
185907,AMBE,JUNNAR,4517,Pune,MAHARASHTRA
185951,INGALUN,JUNNAR,4517,Pune,MAHARASHTRA
185909,AMBOLI,JUNNAR,4517,Pune,MAHARASHTRA
186026,UTCHIL,JUNNAR,4517,Pune,MAHARASHTRA
185999,PUR,JUNNAR,4517,Pune,MAHARASHTRA
186016,SONAVALE,JUNNAR,4517,Pune,MAHARASHTRA
185938,GHANGALDARE,JUNNAR,4517,Pune,MAHARASHTRA
186017,SUKALVEDHE,JUNNAR,4517,Pune,MAHARASHTRA
185317,MALIN,AMBEGAON,4511,Pune,MAHARASHTRA
185327,PANCHALE BK.,AMBEGAON,4511,Pune,MAHARASHTRA
185272,BHORGHAR,AMBEGAON,4511,Pune,MAHARASHTRA
185929,DATKHILWADI,JUNNAR,4517,Pune,MAHARASHTRA
186021,TAMBE,JUNNAR,4517,Pune,MAHARASHTRA
185949,HIVARE T. MINHER,JUNNAR,4517,Pune,MAHARASHTRA
186009,SHINDE,JUNNAR,4517,Pune,MAHARASHTRA
186002,RALEGAN,JUNNAR,4517,Pune,MAHARASHTRA
186037,VANEWADI,JUNNAR,4517,Pune,MAHARASHTRA
185932,DHALEWADI T. MINHER,JUNNAR,4517,Pune,MAHARASHTRA
185926,CHAVAND,JUNNAR,4517,Pune,MAHARASHTRA
186000,RAJOR,JUNNAR,4517,Pune,MAHARASHTRA
186024,TEJUR,JUNNAR,4517,Pune,MAHARASHTRA
186019,SURALE,JUNNAR,4517,Pune,MAHARASHTRA
185911,APTALE,JUNNAR,4517,Pune,MAHARASHTRA
185924,BOTARDE,JUNNAR,4517,Pune,MAHARASHTRA
185984,NIRGUDE,JUNNAR,4517,Pune,MAHARASHTRA
185962,KHANGAON,JUNNAR,4517,Pune,MAHARASHTRA
185959,KHAMGAON,JUNNAR,4517,Pune,MAHARASHTRA
185975,MANIK DOH,JUNNAR,4517,Pune,MAHARASHTRA
185996,PIMPALGON,JUNNAR,4517,Pune,MAHARASHTRA
185987,PADALI,JUNNAR,4517,Pune,MAHARASHTRA
186015,SOMATWADI,JUNNAR,4517,Pune,MAHARASHTRA
185970,KUSUR,JUNNAR,4517,Pune,MAHARASHTRA
185918,BELSAR,JUNNAR,4517,Pune,MAHARASHTRA
186040,YENERE,JUNNAR,4517,Pune,MAHARASHTRA
185954,KALE,JUNNAR,4517,Pune,MAHARASHTRA
185925,BUCHAKEWADI,JUNNAR,4517,Pune,MAHARASHTRA
185991,PARUNDE,JUNNAR,4517,Pune,MAHARASHTRA
185957,KATEDE,JUNNAR,4517,Pune,MAHARASHTRA
185928,CHINCHOLI,JUNNAR,4517,Pune,MAHARASHTRA
185265,AMBODI,AMBEGAON,4511,Pune,MAHARASHTRA
185306,KOLDARA GONWADI,AMBEGAON,4511,Pune,MAHARASHTRA
185287,GANGAPUR KH.,AMBEGAON,4511,Pune,MAHARASHTRA
185300,KANSE,AMBEGAON,4511,Pune,MAHARASHTRA
185335,PHULAWADE,AMBEGAON,4511,Pune,MAHARASHTRA
185316,MAHALUNGE T. GHODA,AMBEGAON,4511,Pune,MAHARASHTRA
185350,SUPEDHAR,AMBEGAON,4511,Pune,MAHARASHTRA
185348,SHINOLI,AMBEGAON,4511,Pune,MAHARASHTRA
185288,GANGAPUR BK.,AMBEGAON,4511,Pune,MAHARASHTRA
185263,AMBEDARA,AMBEGAON,4511,Pune,MAHARASHTRA
185333,PHALADEWADI / UGALEWADI,AMBEGAON,4511,Pune,MAHARASHTRA
186182,WADA,KHED,4518,Pune,MAHARASHTRA
185353,TALEKARWADI,AMBEGAON,4511,Pune,MAHARASHTRA
185282,DHAKALE,AMBEGAON,4511,Pune,MAHARASHTRA
185345,SAL BABHULWADI,AMBEGAON,4511,Pune,MAHARASHTRA
185336,PIMPALGAON T. GHODA,AMBEGAON,4511,Pune,MAHARASHTRA
185299,KALEWADI DAREKARWADI,AMBEGAON,4511,Pune,MAHARASHTRA
185279,CHINCHOLI,AMBEGAON,4511,Pune,MAHARASHTRA
185290,GHODEGAON,AMBEGAON,4511,Pune,MAHARASHTRA
185308,KOLAWADI KOTAMDARA,AMBEGAON,4511,Pune,MAHARASHTRA
185312,PINGALEWADI LANDEWADI,AMBEGAON,4511,Pune,MAHARASHTRA
185278,CHINCHODI,AMBEGAON,4511,Pune,MAHARASHTRA
298895,Walunjwadi,AMBEGAON,4511,Pune,MAHARASHTRA
185360,WADGAON KASHIMBEG,AMBEGAON,4511,Pune,MAHARASHTRA
185276,CHAS,AMBEGAON,4511,Pune,MAHARASHTRA
185323,NARODI,AMBEGAON,4511,Pune,MAHARASHTRA
185291,GIRWALI,AMBEGAON,4511,Pune,MAHARASHTRA
185963,KHILARWADI,JUNNAR,4517,Pune,MAHARASHTRA
186008,SAVARGAON,JUNNAR,4517,Pune,MAHARASHTRA
185315,MAHALUNGE PADWAL,AMBEGAON,4511,Pune,MAHARASHTRA
185351,TAKEWADI,AMBEGAON,4511,Pune,MAHARASHTRA
185943,GUNJALWADI,JUNNAR,4517,Pune,MAHARASHTRA
186038,VARULWADI,JUNNAR,4517,Pune,MAHARASHTRA
185322,NANDUR,AMBEGAON,4511,Pune,MAHARASHTRA
185364,VITTHALWADI,AMBEGAON,4511,Pune,MAHARASHTRA
185344,SAKORE,AMBEGAON,4511,Pune,MAHARASHTRA
185318,MANCHAR,AMBEGAON,4511,Pune,MAHARASHTRA
185286,EKLAHARE,AMBEGAON,4511,Pune,MAHARASHTRA
185275,CHANDOLI KH.,AMBEGAON,4511,Pune,MAHARASHTRA
185303,KHADAKI,AMBEGAON,4511,Pune,MAHARASHTRA
185274,CHANDOLI BK.,AMBEGAON,4511,Pune,MAHARASHTRA
185295,JADHAVWADI,AMBEGAON,4511,Pune,MAHARASHTRA
185357,THORANDALE,AMBEGAON,4511,Pune,MAHARASHTRA
185270,BHARADI,AMBEGAON,4511,Pune,MAHARASHTRA
185321,NAGAPUR,AMBEGAON,4511,Pune,MAHARASHTRA
185347,SHINGAVE,AMBEGAON,4511,Pune,MAHARASHTRA
185362,WALATI,AMBEGAON,4511,Pune,MAHARASHTRA
185342,RANJANI,AMBEGAON,4511,Pune,MAHARASHTRA
185964,KHODAD,JUNNAR,4517,Pune,MAHARASHTRA
186018,SULTANPUR,JUNNAR,4517,Pune,MAHARASHTRA
186013,SHIROLI T. ALE,JUNNAR,4517,Pune,MAHARASHTRA
185922,BORI KH.,JUNNAR,4517,Pune,MAHARASHTRA
186033,VADGAONKANDALI,JUNNAR,4517,Pune,MAHARASHTRA
185976,MANJARWADI,JUNNAR,4517,Pune,MAHARASHTRA
185313,LOUKI,AMBEGAON,4511,Pune,MAHARASHTRA
185950,HIVRE T. NARAYANGAON,JUNNAR,4517,Pune,MAHARASHTRA
185978,NARAYANGAON,JUNNAR,4517,Pune,MAHARASHTRA
186039,YEDGAON,JUNNAR,4517,Pune,MAHARASHTRA
185921,BHORWADI,JUNNAR,4517,Pune,MAHARASHTRA
185956,KANDALI,JUNNAR,4517,Pune,MAHARASHTRA
185995,PIMPALWANDI,JUNNAR,4517,Pune,MAHARASHTRA
186036,VADGAON ANAND,JUNNAR,4517,Pune,MAHARASHTRA
185998,PIMPARIPENDHAR,JUNNAR,4517,Pune,MAHARASHTRA
185960,KHAMUNDI,JUNNAR,4517,Pune,MAHARASHTRA
185937,DUMBARWADI,JUNNAR,4517,Pune,MAHARASHTRA
185955,KALWADI,JUNNAR,4517,Pune,MAHARASHTRA
186028,UMBRAJ NO.1,JUNNAR,4517,Pune,MAHARASHTRA
185947,HIVRE BK.,JUNNAR,4517,Pune,MAHARASHTRA
185935,DHOLWAD,JUNNAR,4517,Pune,MAHARASHTRA
186025,TIKEKARWADI,JUNNAR,4517,Pune,MAHARASHTRA
185948,HIVARE KH.,JUNNAR,4517,Pune,MAHARASHTRA
185979,NETVAD,JUNNAR,4517,Pune,MAHARASHTRA
186023,TEJEWADI,JUNNAR,4517,Pune,MAHARASHTRA
186011,SHIROLI KH.,JUNNAR,4517,Pune,MAHARASHTRA
186012,SHIROLI BK.,JUNNAR,4517,Pune,MAHARASHTRA
237305,VIGNHAHARNAGAR,JUNNAR,4517,Pune,MAHARASHTRA
185986,OZHARJUNE,JUNNAR,4517,Pune,MAHARASHTRA
185934,DHANGARWADI,JUNNAR,4517,Pune,MAHARASHTRA
185912,ARVI,JUNNAR,4517,Pune,MAHARASHTRA
185993,PIMPALGAON T.NARAYANGAON,JUNNAR,4517,Pune,MAHARASHTRA
185969,KURAN,JUNNAR,4517,Pune,MAHARASHTRA
185931,DHALEWADI HAVELI,JUNNAR,4517,Pune,MAHARASHTRA
185961,KHANAPUR,JUNNAR,4517,Pune,MAHARASHTRA
186034,VADGAONSAHANI,JUNNAR,4517,Pune,MAHARASHTRA
185916,BASTI,JUNNAR,4517,Pune,MAHARASHTRA
185980,NIMGAON T. MHA,JUNNAR,4517,Pune,MAHARASHTRA
185981,NIMDARI,JUNNAR,4517,Pune,MAHARASHTRA
186032,VADAJ,JUNNAR,4517,Pune,MAHARASHTRA
185933,DHAMNKHEL,JUNNAR,4517,Pune,MAHARASHTRA
185901,AGAR,JUNNAR,4517,Pune,MAHARASHTRA
185968,KUMSHET,JUNNAR,4517,Pune,MAHARASHTRA
185941,GOLEGAON,JUNNAR,4517,Pune,MAHARASHTRA
185904,ALDARE,JUNNAR,4517,Pune,MAHARASHTRA
185906,ALME,JUNNAR,4517,Pune,MAHARASHTRA
185914,BALLALWADI,JUNNAR,4517,Pune,MAHARASHTRA
185967,KOPARE,JUNNAR,4517,Pune,MAHARASHTRA
185994,PIMPALGAON JOGA,JUNNAR,4517,Pune,MAHARASHTRA
185973,MANDAVE,JUNNAR,4517,Pune,MAHARASHTRA
185927,CHILHEWADI,JUNNAR,4517,Pune,MAHARASHTRA
185902,AHINAVEWADI,JUNNAR,4517,Pune,MAHARASHTRA
186027,UDAPUR,JUNNAR,4517,Pune,MAHARASHTRA
185972,MANDARNE,JUNNAR,4517,Pune,MAHARASHTRA
185936,DINGORE,JUNNAR,4517,Pune,MAHARASHTRA
185985,OTUR,JUNNAR,4517,Pune,MAHARASHTRA
186004,ROHKADI,JUNNAR,4517,Pune,MAHARASHTRA
185908,AMBEGHAVAN,JUNNAR,4517,Pune,MAHARASHTRA
186006,SAGNORE,JUNNAR,4517,Pune,MAHARASHTRA
185965,KHUBI,JUNNAR,4517,Pune,MAHARASHTRA
185990,PARGOAN T. MADH,JUNNAR,4517,Pune,MAHARASHTRA
185971,MADH,JUNNAR,4517,Pune,MAHARASHTRA
185988,PANGRI T. MADH,JUNNAR,4517,Pune,MAHARASHTRA
185940,GODRE,JUNNAR,4517,Pune,MAHARASHTRA
185945,HADSAR,JUNNAR,4517,Pune,MAHARASHTRA
186014,SITEWADI,JUNNAR,4517,Pune,MAHARASHTRA
186031,UNDEKHADAK,JUNNAR,4517,Pune,MAHARASHTRA
237304,KHIRE,JUNNAR,4517,Pune,MAHARASHTRA
185958,KEWADI,JUNNAR,4517,Pune,MAHARASHTRA
185983,NIMGIRI,JUNNAR,4517,Pune,MAHARASHTRA
186020,TALERAN,JUNNAR,4517,Pune,MAHARASHTRA
185930,DEVALE,JUNNAR,4517,Pune,MAHARASHTRA
185903,ANJNAVALE,JUNNAR,4517,Pune,MAHARASHTRA
185953,JALVANDI,JUNNAR,4517,Pune,MAHARASHTRA
185939,GHATGHAR,JUNNAR,4517,Pune,MAHARASHTRA
185992,PEMDARAWADI,JUNNAR,4517,Pune,MAHARASHTRA
185910,ANE,JUNNAR,4517,Pune,MAHARASHTRA
186010,SHINDEWADI,JUNNAR,4517,Pune,MAHARASHTRA
185977,NALAVANE,JUNNAR,4517,Pune,MAHARASHTRA
185905,ALE,JUNNAR,4517,Pune,MAHARASHTRA
185966,KOLWADI,JUNNAR,4517,Pune,MAHARASHTRA
185923,BORI BK.,JUNNAR,4517,Pune,MAHARASHTRA
186001,RAJURI,JUNNAR,4517,Pune,MAHARASHTRA
185944,GUNJALWADI BELHE,JUNNAR,4517,Pune,MAHARASHTRA
186030,UNCHKHADAKWADI,JUNNAR,4517,Pune,MAHARASHTRA
185915,BANGARWADI,JUNNAR,4517,Pune,MAHARASHTRA
185942,GULUNCHWADI,JUNNAR,4517,Pune,MAHARASHTRA
299369,Zapwadi,JUNNAR,4517,Pune,MAHARASHTRA
186003,RANMALA,JUNNAR,4517,Pune,MAHARASHTRA
186005,SAKORI T. BELHA,JUNNAR,4517,Pune,MAHARASHTRA
185917,BELHE,JUNNAR,4517,Pune,MAHARASHTRA
186022,TAMBEWADI,JUNNAR,4517,Pune,MAHARASHTRA
185952,JADHAVWADI,JUNNAR,4517,Pune,MAHARASHTRA
185982,NIMGAON SAVA,JUNNAR,4517,Pune,MAHARASHTRA
185989,PARGOAN T. ALE,JUNNAR,4517,Pune,MAHARASHTRA
185913,AURANGPUR,JUNNAR,4517,Pune,MAHARASHTRA
185269,BHAGADI,AMBEGAON,4511,Pune,MAHARASHTRA
185997,PIMPRI KAVAL,JUNNAR,4517,Pune,MAHARASHTRA
185974,MANGALUR,JUNNAR,4517,Pune,MAHARASHTRA
185810,CHANDGAON,INDAPUR,4516,Pune,MAHARASHTRA
185647,KHANOTA,DAUND,4514,Pune,MAHARASHTRA
185666,NAYGAON,DAUND,4514,Pune,MAHARASHTRA
185693,VATLUJ,DAUND,4514,Pune,MAHARASHTRA
185659,MALTHAN,DAUND,4514,Pune,MAHARASHTRA
185637,HINGANIBERDI,DAUND,4514,Pune,MAHARASHTRA
185681,SHIRAPUR,DAUND,4514,Pune,MAHARASHTRA
185673,PEDGAON,DAUND,4514,Pune,MAHARASHTRA
185689,VADGAON DAREKAR,DAUND,4514,Pune,MAHARASHTRA
185628,DEULGAONRAJE,DAUND,4514,Pune,MAHARASHTRA
185616,ALEGAON,DAUND,4514,Pune,MAHARASHTRA
185650,KHORODI,DAUND,4514,Pune,MAHARASHTRA
185656,LINGALI,DAUND,4514,Pune,MAHARASHTRA
185658,MALADPATAS,DAUND,4514,Pune,MAHARASHTRA
185620,BORIBEL,DAUND,4514,Pune,MAHARASHTRA
185661,NANDADEVI,DAUND,4514,Pune,MAHARASHTRA
185678,RAVANGAON,DAUND,4514,Pune,MAHARASHTRA
185442,SHIRSUPHAL,BARAMATI,4512,Pune,MAHARASHTRA
185381,GADIKHEL,BARAMATI,4512,Pune,MAHARASHTRA
185433,PARWADI,BARAMATI,4512,Pune,MAHARASHTRA
185882,SHETPHALGADHE,INDAPUR,4516,Pune,MAHARASHTRA
185866,PIMPALE,INDAPUR,4516,Pune,MAHARASHTRA
185427,NIMBODI,BARAMATI,4512,Pune,MAHARASHTRA
185645,KHADAKI,DAUND,4514,Pune,MAHARASHTRA
185657,LONARWADI,DAUND,4514,Pune,MAHARASHTRA
185623,CHINCHOLI,DAUND,4514,Pune,MAHARASHTRA
185804,BHIGWAN,INDAPUR,4516,Pune,MAHARASHTRA
185677,RAJEGAON,DAUND,4514,Pune,MAHARASHTRA
185816,DIKASAL,INDAPUR,4516,Pune,MAHARASHTRA
185887,TAKRARWADI,INDAPUR,4516,Pune,MAHARASHTRA
185850,MADANWADI,INDAPUR,4516,Pune,MAHARASHTRA
185843,KUMBHARGOAN,INDAPUR,4516,Pune,MAHARASHTRA
185799,BHADALWADI,INDAPUR,4516,Pune,MAHARASHTRA
185871,PONDWADI,INDAPUR,4516,Pune,MAHARASHTRA
185792,AKOLE,INDAPUR,4516,Pune,MAHARASHTRA
185834,KALAS,INDAPUR,4516,Pune,MAHARASHTRA
185884,SHINDEWADI,INDAPUR,4516,Pune,MAHARASHTRA
185841,KAZAD,INDAPUR,4516,Pune,MAHARASHTRA
185857,NIMBODI,INDAPUR,4516,Pune,MAHARASHTRA
185845,LAKADI,INDAPUR,4516,Pune,MAHARASHTRA
185860,NIRGUDE,INDAPUR,4516,Pune,MAHARASHTRA
185853,MHASOBAWADI,INDAPUR,4516,Pune,MAHARASHTRA
185440,SAVAL,BARAMATI,4512,Pune,MAHARASHTRA
185386,JAINAKWADI,BARAMATI,4512,Pune,MAHARASHTRA
185403,KATPHAL,BARAMATI,4512,Pune,MAHARASHTRA
185383,GOJUBABI,BARAMATI,4512,Pune,MAHARASHTRA
185456,VANJARWADI,BARAMATI,4512,Pune,MAHARASHTRA
185436,PIMPALI,BARAMATI,4512,Pune,MAHARASHTRA
185393,KANHERI,BARAMATI,4512,Pune,MAHARASHTRA
185397,KATEWADI,BARAMATI,4512,Pune,MAHARASHTRA
185377,DHEKALWADI,BARAMATI,4512,Pune,MAHARASHTRA
185891,TAWSHI,INDAPUR,4516,Pune,MAHARASHTRA
185446,SONGAON,BARAMATI,4512,Pune,MAHARASHTRA
185460,ZARGADWADI,BARAMATI,4512,Pune,MAHARASHTRA
185379,DORLEWADI,BARAMATI,4512,Pune,MAHARASHTRA
185384,GUNWADI,BARAMATI,4512,Pune,MAHARASHTRA
185429,NIRAVAGAJ,BARAMATI,4512,Pune,MAHARASHTRA
185420,MEKHALI,BARAMATI,4512,Pune,MAHARASHTRA
185382,GHADAGEWADI,BARAMATI,4512,Pune,MAHARASHTRA
185844,KURAVALI,INDAPUR,4516,Pune,MAHARASHTRA
185828,JAMB,INDAPUR,4516,Pune,MAHARASHTRA
185852,MANKARWADI,INDAPUR,4516,Pune,MAHARASHTRA
185893,UDHAT,INDAPUR,4516,Pune,MAHARASHTRA
185865,PAWARWADI,INDAPUR,4516,Pune,MAHARASHTRA
259679,SAPKALWADI,INDAPUR,4516,Pune,MAHARASHTRA
185876,SANSAR,INDAPUR,4516,Pune,MAHARASHTRA
185826,JACHAKVASTI,INDAPUR,4516,Pune,MAHARASHTRA
185798,BELAWADI,INDAPUR,4516,Pune,MAHARASHTRA
185892,THORATWADI,INDAPUR,4516,Pune,MAHARASHTRA
185847,LASURNE,INDAPUR,4516,Pune,MAHARASHTRA
185808,BORI,INDAPUR,4516,Pune,MAHARASHTRA
185801,BHARANEWADI,INDAPUR,4516,Pune,MAHARASHTRA
185872,RANGOAN,INDAPUR,4516,Pune,MAHARASHTRA
185870,PITHEWADI,INDAPUR,4516,Pune,MAHARASHTRA
185811,CHIKHALI,INDAPUR,4516,Pune,MAHARASHTRA
185833,KALAMB,INDAPUR,4516,Pune,MAHARASHTRA
185858,NIMSAKHAR,INDAPUR,4516,Pune,MAHARASHTRA
185859,NIRWANGI,INDAPUR,4516,Pune,MAHARASHTRA
185878,SARAPHWADI,INDAPUR,4516,Pune,MAHARASHTRA
185869,PITAKESHWAR,INDAPUR,4516,Pune,MAHARASHTRA
185820,GHORPADWADI,INDAPUR,4516,Pune,MAHARASHTRA
185823,GOTANDI,INDAPUR,4516,Pune,MAHARASHTRA
185831,KACHARWADI N.K.,INDAPUR,4516,Pune,MAHARASHTRA
185898,VYAHALI,INDAPUR,4516,Pune,MAHARASHTRA
185881,SHELGOAN,INDAPUR,4516,Pune,MAHARASHTRA
185824,HAGARWADI,INDAPUR,4516,Pune,MAHARASHTRA
185885,SHIRSATWADI,INDAPUR,4516,Pune,MAHARASHTRA
185793,ATHURNE,INDAPUR,4516,Pune,MAHARASHTRA
185832,KADBANWADI,INDAPUR,4516,Pune,MAHARASHTRA
185875,RUI,INDAPUR,4516,Pune,MAHARASHTRA
185814,DALAJ NO.1,INDAPUR,4516,Pune,MAHARASHTRA
185815,DALAJ NO.3,INDAPUR,4516,Pune,MAHARASHTRA
185863,PALASDEV,INDAPUR,4516,Pune,MAHARASHTRA
185848,LONI DEVKAR,INDAPUR,4516,Pune,MAHARASHTRA
185855,NHAVI,INDAPUR,4516,Pune,MAHARASHTRA
185840,KOUTHALI,INDAPUR,4516,Pune,MAHARASHTRA
185806,BIJWADI,INDAPUR,4516,Pune,MAHARASHTRA
185796,BALPUDI,INDAPUR,4516,Pune,MAHARASHTRA
185803,BHAWADI,INDAPUR,4516,Pune,MAHARASHTRA
185790,AGOTI NO.2,INDAPUR,4516,Pune,MAHARASHTRA
185896,WARKUTE BK.,INDAPUR,4516,Pune,MAHARASHTRA
299397,Karewadi,INDAPUR,4516,Pune,MAHARASHTRA
185836,KALTHAN NO.1,INDAPUR,4516,Pune,MAHARASHTRA
185789,AGOTI NO.1,INDAPUR,4516,Pune,MAHARASHTRA
185835,KALASHI,INDAPUR,4516,Pune,MAHARASHTRA
185819,GANJEVALAN,INDAPUR,4516,Pune,MAHARASHTRA
185837,KALTHAN NO.2,INDAPUR,4516,Pune,MAHARASHTRA
185817,GALANDWADI NO.1,INDAPUR,4516,Pune,MAHARASHTRA
185889,TARANGWADI,INDAPUR,4516,Pune,MAHARASHTRA
185856,NIMGAON KETAKI,INDAPUR,4516,Pune,MAHARASHTRA
185897,WARKUTE KH.,INDAPUR,4516,Pune,MAHARASHTRA
261946,GAKHOLI,INDAPUR,4516,Pune,MAHARASHTRA
185900,ZHAGADEWADI,INDAPUR,4516,Pune,MAHARASHTRA
185839,KATI,INDAPUR,4516,Pune,MAHARASHTRA
185873,REDA,INDAPUR,4516,Pune,MAHARASHTRA
185883,SHETPHAL HAVELI,INDAPUR,4516,Pune,MAHARASHTRA
185886,SURWAD,INDAPUR,4516,Pune,MAHARASHTRA
185864,PANDHARWADI,INDAPUR,4516,Pune,MAHARASHTRA
185899,WADAPURI,INDAPUR,4516,Pune,MAHARASHTRA
185794,AWSARI GROUP,INDAPUR,4516,Pune,MAHARASHTRA
185800,BHANDGAON,INDAPUR,4516,Pune,MAHARASHTRA
185795,BABHULGAON,INDAPUR,4516,Pune,MAHARASHTRA
185802,BHATNIMGAON,INDAPUR,4516,Pune,MAHARASHTRA
185818,GALANDWADI NO.2,INDAPUR,4516,Pune,MAHARASHTRA
185877,SARDEWADI,INDAPUR,4516,Pune,MAHARASHTRA
185825,HINGANGAON,INDAPUR,4516,Pune,MAHARASHTRA
185880,SHAHA,INDAPUR,4516,Pune,MAHARASHTRA
185838,KANDALGAON,INDAPUR,4516,Pune,MAHARASHTRA
185890,TARATGAON,INDAPUR,4516,Pune,MAHARASHTRA
185791,AJOTI,INDAPUR,4516,Pune,MAHARASHTRA
185851,MALWADI,INDAPUR,4516,Pune,MAHARASHTRA
185868,PIMPRI KH.,INDAPUR,4516,Pune,MAHARASHTRA
185862,PADASATHAL,INDAPUR,4516,Pune,MAHARASHTRA
185854,NARSINHPUR,INDAPUR,4516,Pune,MAHARASHTRA
185821,GIRWI,INDAPUR,4516,Pune,MAHARASHTRA
185888,TANNU,INDAPUR,4516,Pune,MAHARASHTRA
185867,PIMPARI BK.,INDAPUR,4516,Pune,MAHARASHTRA
185822,GONDI,INDAPUR,4516,Pune,MAHARASHTRA
185849,LUMEWADI,INDAPUR,4516,Pune,MAHARASHTRA
185861,NIRNIMGAON,INDAPUR,4516,Pune,MAHARASHTRA
185879,SARATI,INDAPUR,4516,Pune,MAHARASHTRA
185830,KACHARWADI BAWADA,INDAPUR,4516,Pune,MAHARASHTRA
185797,BAWADA,INDAPUR,4516,Pune,MAHARASHTRA
185894,WAKILWASTI,INDAPUR,4516,Pune,MAHARASHTRA
185805,BHODANI,INDAPUR,4516,Pune,MAHARASHTRA
185846,LAKHEWADI,INDAPUR,4516,Pune,MAHARASHTRA
185809,CHAKATI,INDAPUR,4516,Pune,MAHARASHTRA
185874,REDANI,INDAPUR,4516,Pune,MAHARASHTRA
185842,KHOROCHI,INDAPUR,4516,Pune,MAHARASHTRA
185807,BORATWADI,INDAPUR,4516,Pune,MAHARASHTRA
